Date,Qobs,sim1,sim2
2000-01-02,,505.5,464.6
2000-01-03,,531.1,490.2
2000-01-04,,526.7,500.0
2000-01-05,,533.3,492.9
2000-01-06,,533.8,491.1
2000-01-07,,536.4,490.5
2000-01-08,,540.8,490.7
2000-01-09,,544.4,494.0
2000-01-10,,547.9,501.9
2000-01-11,,553.1,509.4
2000-01-12,,560.9,511.9
2000-01-13,,568.6,510.2
2000-01-14,,572.7,506.4
2000-01-15,,572.3,501.7
2000-01-16,,568.4,496.4
2000-01-17,,562.5,490.8
2000-01-18,,556.0,485.7
2000-01-19,,550.4,482.9
2000-01-20,,545.9,482.2
2000-01-21,,542.8,484.2
2000-01-22,,541.5,491.1
2000-01-23,,542.8,501.4
2000-01-24,,548.0,508.1
2000-01-25,,556.3,507.0
2000-01-26,,565.1,501.2
2000-01-27,,570.3,494.0
2000-01-28,,569.4,486.9
2000-01-29,,563.9,480.9
2000-01-30,,557.1,478.0
2000-01-31,,552.1,479.8
2000-02-01,,551.2,486.8
2000-02-02,,556.0,501.9
2000-02-03,,568.4,534.1
2000-02-04,,593.2,624.9
2000-02-05,,647.5,825.4
2000-02-06,,804.6,981.2
2000-02-07,,1142.0,1063.0
2000-02-08,,1407.0,1154.0
2000-02-09,,1581.0,1406.0
2000-02-10,,1839.0,1509.0
2000-02-11,,2036.0,1527.0
2000-02-12,,2076.0,1559.0
2000-02-13,,2060.0,1518.0
2000-02-14,,1995.0,1412.0
2000-02-15,,1868.0,1308.0
2000-02-16,,1723.0,1261.0
2000-02-17,,1612.0,1282.0
2000-02-18,,1556.0,1260.0
2000-02-19,,1526.0,1196.0
2000-02-20,,1480.0,1180.0
2000-02-21,,1436.0,1167.0
2000-02-22,,1400.0,1110.0
2000-02-23,,1340.0,1048.0
2000-02-24,,1263.0,997.3
2000-02-25,,1186.0,958.5
2000-02-26,,1120.0,928.0
2000-02-27,,1067.0,905.8
2000-02-28,,1027.0,912.2
2000-02-29,,1007.0,1050.0
2000-03-01,,1034.0,1223.0
2000-03-02,,1166.0,1221.0
2000-03-03,,1324.0,1184.0
2000-03-04,,1362.0,1198.0
2000-03-05,,1355.0,1348.0
2000-03-06,,1417.0,1414.0
2000-03-07,,1558.0,1389.0
2000-03-08,,1620.0,1352.0
2000-03-09,,1599.0,1266.0
2000-03-10,,1540.0,1220.0
2000-03-11,,1504.0,1516.0
2000-03-12,,1648.0,2590.0
2000-03-13,,2483.0,2387.0
2000-03-14,,2921.0,2042.0
2000-03-15,,2613.0,1784.0
2000-03-16,,2280.0,1585.0
2000-03-17,,2013.0,1442.0
2000-03-18,,1809.0,1416.0
2000-03-19,,1679.0,1444.0
2000-03-20,,1619.0,1373.0
2000-03-21,,1569.0,1275.0
2000-03-22,,1486.0,1194.0
2000-03-23,,1386.0,1133.0
2000-03-24,,1295.0,1089.0
2000-03-25,,1221.0,1080.0
2000-03-26,,1168.0,1197.0
2000-03-27,,1157.0,1398.0
2000-03-28,,1247.0,1465.0
2000-03-29,,1419.0,1518.0
2000-03-30,,1547.0,1758.0
2000-03-31,,1704.0,2008.0
2000-04-01,,2022.0,2024.0
2000-04-02,,2218.0,2038.0
2000-04-03,,2261.0,1989.0
2000-04-04,,2241.0,1883.0
2000-04-05,,2149.0,1927.0
2000-04-06,,2099.0,1905.0
2000-04-07,,2125.0,2105.0
2000-04-08,,2402.0,4288.0
2000-04-09,,4385.0,4031.0
2000-04-10,,4677.0,3196.0
2000-04-11,,3835.0,2550.0
2000-04-12,,3084.0,2107.0
2000-04-13,,2541.0,1806.0
2000-04-14,,2150.0,1625.0
2000-04-15,,1867.0,1564.0
2000-04-16,,1683.0,1571.0
2000-04-17,,1596.0,1554.0
2000-04-18,,1574.0,1518.0
2000-04-19,,1559.0,1499.0
2000-04-20,,1536.0,1470.0
2000-04-21,,1516.0,1409.0
2000-04-22,,1478.0,1344.0
2000-04-23,,1416.0,1281.0
2000-04-24,,1349.0,1213.0
2000-04-25,,1284.0,1140.0
2000-04-26,,1217.0,1075.0
2000-04-27,,1148.0,1021.0
2000-04-28,,1084.0,979.5
2000-04-29,,1027.0,970.0
2000-04-30,,981.9,997.1
2000-05-01,,955.2,998.1
2000-05-02,,951.2,966.3
2000-05-03,,953.5,924.8
2000-05-04,,940.6,885.2
2000-05-05,,912.6,851.6
2000-05-06,,879.1,824.4
2000-05-07,,846.5,802.2
2000-05-08,,817.6,783.6
2000-05-09,,792.8,767.9
2000-05-10,,771.6,754.7
2000-05-11,,753.5,743.3
2000-05-12,,738.1,733.0
2000-05-13,,724.9,724.2
2000-05-14,,713.5,718.0
2000-05-15,,703.5,714.5
2000-05-16,,695.0,709.8
2000-05-17,,687.9,700.6
2000-05-18,,681.5,688.9
2000-05-19,,674.7,677.5
2000-05-20,,666.9,667.6
2000-05-21,,658.1,659.0
2000-05-22,,649.2,651.5
2000-05-23,,640.5,646.7
2000-05-24,,632.6,648.8
2000-05-25,,625.8,658.4
2000-05-26,,620.8,674.6
2000-05-27,,618.1,699.4
2000-05-28,,618.3,723.1
2000-05-29,,622.0,727.9
2000-05-30,,629.4,713.6
2000-05-31,,637.8,690.4
2000-06-01,,641.6,666.3
2000-06-02,,637.9,647.6
2000-06-03,,627.9,639.6
2000-06-04,,615.3,640.1
2000-06-05,,603.7,640.9
2000-06-06,,595.2,636.6
2000-06-07,,589.7,625.7
2000-06-08,,585.6,610.4
2000-06-09,,580.8,594.5
2000-06-10,,574.1,581.1
2000-06-11,,565.4,571.5
2000-06-12,,555.6,565.9
2000-06-13,,545.9,562.0
2000-06-14,,537.3,556.6
2000-06-15,,530.1,548.7
2000-06-16,,524.0,540.0
2000-06-17,,518.4,532.2
2000-06-18,,512.7,526.1
2000-06-19,,506.8,523.0
2000-06-20,,500.8,524.5
2000-06-21,,495.1,528.8
2000-06-22,,490.0,531.6
2000-06-23,,486.0,530.8
2000-06-24,,482.9,525.5
2000-06-25,,480.5,516.2
2000-06-26,,478.0,504.6
2000-06-27,,474.8,493.4
2000-06-28,,470.5,484.9
2000-06-29,,465.1,479.9
2000-06-30,,459.2,478.3
2000-07-01,,453.4,479.4
2000-07-02,,448.1,480.4
2000-07-03,,443.6,479.1
2000-07-04,,439.9,474.4
2000-07-05,,436.8,467.2
2000-07-06,,434.0,458.8
2000-07-07,,430.9,451.2
2000-07-08,,427.5,445.3
2000-07-09,,423.7,441.7
2000-07-10,,419.6,440.1
2000-07-11,,415.4,438.5
2000-07-12,,411.3,435.3
2000-07-13,,407.6,432.0
2000-07-14,,403.9,431.1
2000-07-15,,400.3,432.5
2000-07-16,,396.7,433.0
2000-07-17,,393.5,430.8
2000-07-18,,390.6,427.4
2000-07-19,,388.3,424.4
2000-07-20,,386.3,422.7
2000-07-21,,384.5,425.0
2000-07-22,,382.8,437.1
2000-07-23,,381.2,457.3
2000-07-24,,380.4,469.8
2000-07-25,,382.2,468.9
2000-07-26,,388.5,461.4
2000-07-27,,398.5,452.8
2000-07-28,,407.0,445.2
2000-07-29,,410.2,437.6
2000-07-30,,409.1,431.3
2000-07-31,,407.4,432.9
2000-08-01,,407.1,447.6
2000-08-02,,409.4,481.0
2000-08-03,,415.0,570.5
2000-08-04,,425.2,655.8
2000-08-05,,452.7,667.3
2000-08-06,,526.3,652.2
2000-08-07,,604.3,631.0
2000-08-08,,627.6,611.2
2000-08-09,,620.0,599.7
2000-08-10,,605.0,598.6
2000-08-11,,591.1,619.6
2000-08-12,,581.0,657.2
2000-08-13,,580.5,656.1
2000-08-14,,600.2,632.3
2000-08-15,,626.0,605.4
2000-08-16,,628.2,580.6
2000-08-17,,609.9,558.2
2000-08-18,,584.4,537.2
2000-08-19,,558.5,517.8
2000-08-20,,534.3,501.0
2000-08-21,,512.4,487.4
2000-08-22,,493.0,476.8
2000-08-23,,476.2,468.2
2000-08-24,,462.0,461.0
2000-08-25,,450.3,454.8
2000-08-26,,440.6,449.2
2000-08-27,,432.6,444.0
2000-08-28,,425.8,439.2
2000-08-29,,419.8,434.7
2000-08-30,,414.5,430.4
2000-08-31,,409.5,426.4
2000-09-01,,404.9,422.7
2000-09-02,,400.6,418.9
2000-09-03,,396.6,415.0
2000-09-04,,392.7,411.5
2000-09-05,,389.0,408.4
2000-09-06,,385.4,405.5
2000-09-07,,382.1,402.9
2000-09-08,,378.9,400.8
2000-09-09,,375.9,399.9
2000-09-10,,373.1,401.3
2000-09-11,,370.4,404.6
2000-09-12,,367.9,406.8
2000-09-13,,365.8,405.4
2000-09-14,,364.5,400.1
2000-09-15,,363.7,392.6
2000-09-16,,362.8,384.3
2000-09-17,,361.0,376.3
2000-09-18,,358.1,369.2
2000-09-19,,354.5,365.2
2000-09-20,,351.1,365.4
2000-09-21,,348.6,367.6
2000-09-22,,346.6,371.3
2000-09-23,,345.1,379.0
2000-09-24,,343.9,390.1
2000-09-25,,343.2,399.0
2000-09-26,,343.2,402.8
2000-09-27,,344.2,403.2
2000-09-28,,346.1,402.0
2000-09-29,,348.0,399.2
2000-09-30,,349.2,394.4
2000-10-01,,349.3,387.7
2000-10-02,,348.4,379.6
2000-10-03,,346.4,370.5
2000-10-04,,343.3,361.0
2000-10-05,,339.3,351.5
2000-10-06,,334.6,342.5
2000-10-07,,329.3,334.5
2000-10-08,,323.6,328.0
2000-10-09,,317.8,323.2
2000-10-10,,312.1,319.7
2000-10-11,,306.6,316.7
2000-10-12,,301.7,313.7
2000-10-13,,297.3,310.6
2000-10-14,,293.5,307.7
2000-10-15,,290.1,305.0
2000-10-16,,287.1,302.1
2000-10-17,,284.3,299.0
2000-10-18,,281.6,295.7
2000-10-19,,279.0,292.2
2000-10-20,,276.5,288.4
2000-10-21,,273.9,284.7
2000-10-22,,271.3,281.1
2000-10-23,,268.5,277.8
2000-10-24,,265.6,274.8
2000-10-25,,262.6,272.4
2000-10-26,,259.7,270.7
2000-10-27,,256.8,269.5
2000-10-28,,254.2,268.5
2000-10-29,,251.7,267.2
2000-10-30,,249.6,265.5
2000-10-31,,247.8,263.5
2000-11-01,,246.3,261.8
2000-11-02,,244.9,261.1
2000-11-03,,243.4,261.5
2000-11-04,,241.9,262.5
2000-11-05,,240.4,263.0
2000-11-06,,239.2,263.6
2000-11-07,,238.8,265.8
2000-11-08,,239.2,270.2
2000-11-09,,240.4,276.0
2000-11-10,,241.8,282.5
2000-11-11,,243.4,290.2
2000-11-12,,245.2,298.0
2000-11-13,,247.4,304.3
2000-11-14,,250.3,309.4
2000-11-15,,254.0,313.2
2000-11-16,,258.4,316.5
2000-11-17,,262.9,320.0
2000-11-18,,267.6,324.5
2000-11-19,,272.3,329.0
2000-11-20,,277.1,332.2
2000-11-21,,281.6,334.9
2000-11-22,,285.9,339.3
2000-11-23,,289.7,345.4
2000-11-24,,293.1,350.0
2000-11-25,,296.5,351.8
2000-11-26,,300.7,350.9
2000-11-27,,305.6,348.7
2000-11-28,,310.5,346.8
2000-11-29,,314.3,345.2
2000-11-30,,316.3,343.7
2000-12-01,,316.7,342.3
2000-12-02,,316.2,342.1
2000-12-03,,315.1,343.6
2000-12-04,,313.9,345.1
2000-12-05,,313.0,344.7
2000-12-06,,312.9,342.7
2000-12-07,,313.6,340.1
2000-12-08,,314.4,337.1
2000-12-09,,314.4,333.9
2000-12-10,,313.6,330.9
2000-12-11,,312.1,328.6
2000-12-12,,310.7,327.3
2000-12-13,,309.7,327.2
2000-12-14,,309.2,328.4
2000-12-15,,309.5,331.8
2000-12-16,,310.7,338.5
2000-12-17,,313.5,350.3
2000-12-18,,318.2,364.5
2000-12-19,,324.9,375.8
2000-12-20,,333.8,383.7
2000-12-21,,344.8,390.2
2000-12-22,,356.5,398.0
2000-12-23,,367.0,405.1
2000-12-24,,375.6,407.9
2000-12-25,,383.3,407.2
2000-12-26,,390.8,404.5
2000-12-27,,396.8,400.9
2000-12-28,,399.8,396.9
2000-12-29,,399.9,394.9
2000-12-30,,398.7,396.2
2000-12-31,,398.1,401.0
2001-01-01,,398.8,411.1
2001-01-02,,401.1,423.4
2001-01-03,,405.7,435.1
2001-01-04,,413.9,445.9
2001-01-05,,426.1,454.3
2001-01-06,,440.4,459.2
2001-01-07,,455.0,462.3
2001-01-08,,468.5,466.2
2001-01-09,,480.1,473.8
2001-01-10,,491.2,487.8
2001-01-11,,503.4,507.1
2001-01-12,,517.3,536.2
2001-01-13,,533.7,596.7
2001-01-14,,556.5,649.3
2001-01-15,,601.4,650.3
2001-01-16,,674.2,633.8
2001-01-17,,718.3,616.5
2001-01-18,,718.6,601.6
2001-01-19,,700.7,588.7
2001-01-20,,678.9,577.4
2001-01-21,,657.9,567.2
2001-01-22,,639.3,557.9
2001-01-23,,623.0,549.1
2001-01-24,,608.8,540.8
2001-01-25,,596.3,532.8
2001-01-26,,585.3,525.6
2001-01-27,,576.1,520.3
2001-01-28,,568.7,517.6
2001-01-29,,563.2,518.7
2001-01-30,,560.3,525.7
2001-01-31,,560.3,542.3
2001-02-01,,564.0,565.0
2001-02-02,,573.4,581.9
2001-02-03,,589.6,586.7
2001-02-04,,610.2,582.9
2001-02-05,,627.2,575.7
2001-02-06,,634.1,567.6
2001-02-07,,632.2,560.7
2001-02-08,,626.6,557.4
2001-02-09,,620.9,558.0
2001-02-10,,617.5,564.9
2001-02-11,,617.4,590.7
2001-02-12,,623.3,640.1
2001-02-13,,642.2,687.9
2001-02-14,,687.5,713.7
2001-02-15,,756.9,709.5
2001-02-16,,810.4,689.9
2001-02-17,,821.1,672.6
2001-02-18,,802.9,664.2
2001-02-19,,776.8,657.5
2001-02-20,,754.0,647.0
2001-02-21,,736.0,634.7
2001-02-22,,721.0,624.8
2001-02-23,,708.2,618.9
2001-02-24,,697.1,616.4
2001-02-25,,688.6,622.5
2001-02-26,,684.6,645.2
2001-02-27,,689.2,664.4
2001-02-28,,705.5,658.7
2001-03-01,,724.5,639.8
2001-03-02,,729.8,619.4
2001-03-03,,717.4,600.9
2001-03-04,,695.4,585.0
2001-03-05,,672.7,573.9
2001-03-06,,653.5,567.9
2001-03-07,,637.6,566.2
2001-03-08,,626.0,572.3
2001-03-09,,620.8,598.2
2001-03-10,,627.1,648.6
2001-03-11,,656.0,674.2
2001-03-12,,706.2,676.4
2001-03-13,,747.1,700.6
2001-03-14,,768.7,768.7
2001-03-15,,794.4,826.6
2001-03-16,,848.4,841.2
2001-03-17,,915.5,865.0
2001-03-18,,961.3,908.1
2001-03-19,,1007.0,936.5
2001-03-20,,1066.0,945.8
2001-03-21,,1114.0,987.9
2001-03-22,,1153.0,1046.0
2001-03-23,,1210.0,1050.0
2001-03-24,,1255.0,999.1
2001-03-25,,1238.0,925.4
2001-03-26,,1170.0,858.1
2001-03-27,,1082.0,811.9
2001-03-28,,1001.0,820.4
2001-03-29,,944.4,948.5
2001-03-30,,947.3,1023.0
2001-03-31,,1039.0,968.8
2001-04-01,,1111.0,889.6
2001-04-02,,1082.0,821.6
2001-04-03,,1008.0,769.1
2001-04-04,,931.4,732.1
2001-04-05,,865.6,711.7
2001-04-06,,813.4,698.8
2001-04-07,,774.0,680.7
2001-04-08,,744.9,657.1
2001-04-09,,720.6,631.6
2001-04-10,,695.6,607.7
2001-04-11,,668.2,586.0
2001-04-12,,640.2,566.1
2001-04-13,,614.7,580.5
2001-04-14,,594.0,733.6
2001-04-15,,590.1,760.0
2001-04-16,,650.5,717.1
2001-04-17,,745.2,673.0
2001-04-18,,758.0,638.1
2001-04-19,,726.5,611.5
2001-04-20,,689.2,589.6
2001-04-21,,656.8,573.3
2001-04-22,,631.7,565.0
2001-04-23,,615.2,572.4
2001-04-24,,610.9,675.3
2001-04-25,,631.4,1162.0
2001-04-26,,765.6,1445.0
2001-04-27,,1437.0,1687.0
2001-04-28,,1923.0,1708.0
2001-04-29,,2036.0,1526.0
2001-04-30,,1897.0,1341.0
2001-05-01,,1689.0,1188.0
2001-05-02,,1490.0,1065.0
2001-05-03,,1316.0,962.2
2001-05-04,,1170.0,871.5
2001-05-05,,1046.0,790.4
2001-05-06,,941.5,721.5
2001-05-07,,852.7,666.9
2001-05-08,,778.2,626.4
2001-05-09,,716.8,597.2
2001-05-10,,667.3,576.9
2001-05-11,,628.4,572.5
2001-05-12,,598.6,619.9
2001-05-13,,578.9,675.2
2001-05-14,,576.0,666.2
2001-05-15,,596.2,633.1
2001-05-16,,620.3,598.9
2001-05-17,,622.7,569.6
2001-05-18,,606.3,545.5
2001-05-19,,582.9,526.0
2001-05-20,,559.3,510.5
2001-05-21,,538.0,498.8
2001-05-22,,519.9,490.8
2001-05-23,,504.9,488.0
2001-05-24,,492.8,491.0
2001-05-25,,483.8,494.3
2001-05-26,,478.0,491.1
2001-05-27,,474.7,481.6
2001-05-28,,472.5,469.7
2001-05-29,,469.4,458.2
2001-05-30,,464.2,448.7
2001-05-31,,457.3,441.7
2001-06-01,,449.8,436.5
2001-06-02,,442.1,432.9
2001-06-03,,434.8,432.3
2001-06-04,,428.5,435.3
2001-06-05,,423.4,440.4
2001-06-06,,419.7,447.8
2001-06-07,,417.7,456.8
2001-06-08,,417.6,462.2
2001-06-09,,419.1,463.8
2001-06-10,,421.8,463.5
2001-06-11,,424.5,460.1
2001-06-12,,425.9,451.7
2001-06-13,,425.7,440.3
2001-06-14,,423.6,430.9
2001-06-15,,419.6,430.1
2001-06-16,,414.2,440.2
2001-06-17,,408.8,451.5
2001-06-18,,405.1,452.8
2001-06-19,,404.1,443.4
2001-06-20,,405.1,428.4
2001-06-21,,405.5,412.8
2001-06-22,,403.2,401.0
2001-06-23,,397.9,397.0
2001-06-24,,390.8,405.5
2001-06-25,,383.8,431.3
2001-06-26,,379.2,465.0
2001-06-27,,379.5,496.6
2001-06-28,,387.4,561.9
2001-06-29,,404.5,628.4
2001-06-30,,434.0,622.9
2001-07-01,,483.4,588.2
2001-07-02,,538.3,548.7
2001-07-03,,560.4,511.4
2001-07-04,,549.1,480.5
2001-07-05,,523.2,458.9
2001-07-06,,494.6,447.3
2001-07-07,,468.8,451.9
2001-07-08,,448.4,490.5
2001-07-09,,436.0,532.0
2001-07-10,,437.5,539.6
2001-07-11,,455.9,523.2
2001-07-12,,480.3,497.1
2001-07-13,,493.0,472.2
2001-07-14,,489.3,454.0
2001-07-15,,475.1,442.5
2001-07-16,,457.6,434.1
2001-07-17,,441.2,426.0
2001-07-18,,427.8,417.7
2001-07-19,,417.1,408.8
2001-07-20,,408.3,398.8
2001-07-21,,400.1,389.4
2001-07-22,,391.9,385.1
2001-07-23,,383.6,394.4
2001-07-24,,375.8,411.2
2001-07-25,,370.4,424.9
2001-07-26,,371.1,460.7
2001-07-27,,380.7,689.3
2001-07-28,,402.3,1155.0
2001-07-29,,492.8,1337.0
2001-07-30,,1075.0,1400.0
2001-07-31,,1431.0,1323.0
2001-08-01,,1464.0,1168.0
2001-08-02,,1355.0,1025.0
2001-08-03,,1207.0,911.5
2001-08-04,,1070.0,823.3
2001-08-05,,954.8,755.8
2001-08-06,,860.6,705.9
2001-08-07,,785.1,671.0
2001-08-08,,725.9,651.5
2001-08-09,,681.1,668.7
2001-08-10,,650.7,720.9
2001-08-11,,640.0,731.5
2001-08-12,,651.8,707.1
2001-08-13,,668.3,677.0
2001-08-14,,668.8,655.5
2001-08-15,,654.4,650.5
2001-08-16,,636.1,658.6
2001-08-17,,622.1,660.7
2001-08-18,,615.2,647.5
2001-08-19,,612.7,626.1
2001-08-20,,608.3,603.5
2001-08-21,,598.3,583.4
2001-08-22,,583.6,567.1
2001-08-23,,566.8,554.5
2001-08-24,,550.5,544.6
2001-08-25,,536.2,537.0
2001-08-26,,524.3,532.5
2001-08-27,,514.5,531.6
2001-08-28,,507.0,532.7
2001-08-29,,501.7,531.1
2001-08-30,,498.4,523.8
2001-08-31,,496.0,513.2
2001-09-01,,492.8,502.9
2001-09-02,,487.5,495.3
2001-09-03,,480.7,491.0
2001-09-04,,473.4,488.8
2001-09-05,,466.8,485.6
2001-09-06,,461.6,481.0
2001-09-07,,457.3,477.4
2001-09-08,,453.4,475.2
2001-09-09,,449.6,473.0
2001-09-10,,445.9,474.5
2001-09-11,,442.6,487.0
2001-09-12,,440.6,507.2
2001-09-13,,441.4,525.6
2001-09-14,,446.7,537.4
2001-09-15,,456.3,542.4
2001-09-16,,467.7,545.8
2001-09-17,,478.6,550.1
2001-09-18,,488.2,552.9
2001-09-19,,496.6,560.1
2001-09-20,,503.5,595.9
2001-09-21,,509.1,651.2
2001-09-22,,517.9,669.9
2001-09-23,,539.9,664.2
2001-09-24,,574.3,651.9
2001-09-25,,599.3,635.7
2001-09-26,,605.7,620.6
2001-09-27,,600.9,618.5
2001-09-28,,593.1,654.5
2001-09-29,,588.3,737.3
2001-09-30,,596.5,753.1
2001-10-01,,633.1,733.3
2001-10-02,,683.5,714.2
2001-10-03,,703.6,703.5
2001-10-04,,696.8,694.4
2001-10-05,,683.0,681.1
2001-10-06,,670.3,664.8
2001-10-07,,658.1,646.6
2001-10-08,,644.5,627.2
2001-10-09,,628.9,608.1
2001-10-10,,611.8,590.6
2001-10-11,,593.9,574.2
2001-10-12,,576.2,558.4
2001-10-13,,559.2,543.5
2001-10-14,,543.2,529.7
2001-10-15,,528.0,517.5
2001-10-16,,513.7,507.7
2001-10-17,,500.5,499.6
2001-10-18,,488.5,491.3
2001-10-19,,478.0,481.8
2001-10-20,,468.8,471.6
2001-10-21,,460.1,461.5
2001-10-22,,451.6,452.2
2001-10-23,,442.9,444.0
2001-10-24,,434.4,436.9
2001-10-25,,426.2,430.8
2001-10-26,,418.7,425.9
2001-10-27,,411.9,423.7
2001-10-28,,406.1,426.7
2001-10-29,,401.6,434.4
2001-10-30,,399.0,441.0
2001-10-31,,399.2,442.8
2001-11-01,,402.4,441.5
2001-11-02,,407.1,441.0
2001-11-03,,411.2,446.0
2001-11-04,,414.0,456.9
2001-11-05,,416.7,469.4
2001-11-06,,421.1,481.4
2001-11-07,,428.2,494.0
2001-11-08,,437.6,503.2
2001-11-09,,448.9,507.2
2001-11-10,,461.3,509.8
2001-11-11,,472.8,513.5
2001-11-12,,481.7,524.3
2001-11-13,,487.9,549.1
2001-11-14,,493.8,576.3
2001-11-15,,503.4,584.9
2001-11-16,,519.8,580.2
2001-11-17,,539.2,579.1
2001-11-18,,553.0,583.9
2001-11-19,,559.4,584.6
2001-11-20,,563.6,580.8
2001-11-21,,567.4,577.0
2001-11-22,,569.0,574.5
2001-11-23,,568.9,574.2
2001-11-24,,569.0,578.2
2001-11-25,,570.5,589.1
2001-11-26,,574.4,611.5
2001-11-27,,581.4,653.4
2001-11-28,,593.3,675.8
2001-11-29,,615.2,667.2
2001-11-30,,644.6,650.0
2001-12-01,,663.7,634.0
2001-12-02,,663.6,620.3
2001-12-03,,652.2,609.3
2001-12-04,,637.5,601.2
2001-12-05,,623.4,594.4
2001-12-06,,611.2,586.9
2001-12-07,,601.1,578.4
2001-12-08,,592.4,569.5
2001-12-09,,584.0,560.6
2001-12-10,,575.3,552.1
2001-12-11,,566.4,543.9
2001-12-12,,557.5,535.9
2001-12-13,,548.8,528.2
2001-12-14,,540.4,520.6
2001-12-15,,532.2,513.1
2001-12-16,,524.2,505.6
2001-12-17,,516.5,498.2
2001-12-18,,508.8,490.9
2001-12-19,,501.3,483.9
2001-12-20,,494.2,477.9
2001-12-21,,487.9,472.7
2001-12-22,,481.9,467.6
2001-12-23,,476.1,462.6
2001-12-24,,470.5,457.9
2001-12-25,,465.3,453.4
2001-12-26,,460.5,449.4
2001-12-27,,456.5,446.2
2001-12-28,,452.9,442.9
2001-12-29,,449.3,438.9
2001-12-30,,445.8,435.0
2001-12-31,,442.5,431.6
2002-01-01,,438.9,428.0
2002-01-02,,435.1,424.6
2002-01-03,,431.4,421.9
2002-01-04,,427.8,420.0
2002-01-05,,424.4,418.3
2002-01-06,,421.3,415.8
2002-01-07,,418.5,412.3
2002-01-08,,416.0,408.3
2002-01-09,,413.6,404.7
2002-01-10,,411.5,401.9
2002-01-11,,409.3,399.5
2002-01-12,,406.8,397.0
2002-01-13,,404.1,394.2
2002-01-14,,401.2,391.0
2002-01-15,,398.2,387.6
2002-01-16,,395.1,384.0
2002-01-17,,391.7,380.0
2002-01-18,,388.2,376.0
2002-01-19,,384.4,371.8
2002-01-20,,380.5,367.7
2002-01-21,,376.7,364.1
2002-01-22,,376.0,365.9
2002-01-23,,380.9,377.6
2002-01-24,,390.9,397.4
2002-01-25,,406.3,425.2
2002-01-26,,428.9,469.5
2002-01-27,,460.9,587.3
2002-01-28,,510.3,803.9
2002-01-29,,608.2,1006.0
2002-01-30,,865.8,1204.0
2002-01-31,,1262.0,1534.0
2002-02-01,,1670.0,1762.0
2002-02-02,,2051.0,1797.0
2002-02-03,,2198.0,1720.0
2002-02-04,,2145.0,1617.0
2002-02-05,,2014.0,1508.0
2002-02-06,,1867.0,1426.0
2002-02-07,,1730.0,1374.0
2002-02-08,,1621.0,1324.0
2002-02-09,,1540.0,1260.0
2002-02-10,,1474.0,1210.0
2002-02-11,,1416.0,1223.0
2002-02-12,,1386.0,1288.0
2002-02-13,,1410.0,1364.0
2002-02-14,,1486.0,1507.0
2002-02-15,,1602.0,1672.0
2002-02-16,,1757.0,1739.0
2002-02-17,,1899.0,1631.0
2002-02-18,,1900.0,1468.0
2002-02-19,,1776.0,1332.0
2002-02-20,,1615.0,1231.0
2002-02-21,,1471.0,1163.0
2002-02-22,,1361.0,1130.0
2002-02-23,,1287.0,1139.0
2002-02-24,,1251.0,1211.0
2002-02-25,,1250.0,1300.0
2002-02-26,,1296.0,1293.0
2002-02-27,,1373.0,1282.0
2002-02-28,,1424.0,1303.0
2002-03-01,,1455.0,1307.0
2002-03-02,,1475.0,1327.0
2002-03-03,,1477.0,1413.0
2002-03-04,,1481.0,1418.0
2002-03-05,,1505.0,1348.0
2002-03-06,,1500.0,1279.0
2002-03-07,,1445.0,1225.0
2002-03-08,,1383.0,1187.0
2002-03-09,,1339.0,1169.0
2002-03-10,,1310.0,1164.0
2002-03-11,,1287.0,1183.0
2002-03-12,,1263.0,1217.0
2002-03-13,,1243.0,1201.0
2002-03-14,,1239.0,1151.0
2002-03-15,,1230.0,1098.0
2002-03-16,,1194.0,1048.0
2002-03-17,,1142.0,1001.0
2002-03-18,,1086.0,957.1
2002-03-19,,1032.0,916.2
2002-03-20,,979.9,877.3
2002-03-21,,933.1,844.3
2002-03-22,,893.0,818.9
2002-03-23,,862.3,804.8
2002-03-24,,841.5,812.0
2002-03-25,,828.6,840.2
2002-03-26,,824.4,869.7
2002-03-27,,833.1,894.0
2002-03-28,,853.4,904.0
2002-03-29,,876.1,903.3
2002-03-30,,891.7,891.7
2002-03-31,,894.6,868.3
2002-04-01,,883.8,835.9
2002-04-02,,861.4,798.6
2002-04-03,,830.7,760.2
2002-04-04,,795.8,724.0
2002-04-05,,759.9,692.8
2002-04-06,,725.3,668.4
2002-04-07,,693.8,648.9
2002-04-08,,666.7,631.0
2002-04-09,,644.4,613.2
2002-04-10,,626.1,596.2
2002-04-11,,610.1,581.1
2002-04-12,,595.1,568.4
2002-04-13,,580.7,557.9
2002-04-14,,567.2,548.3
2002-04-15,,554.9,538.8
2002-04-16,,543.9,530.6
2002-04-17,,533.9,525.9
2002-04-18,,524.9,527.0
2002-04-19,,517.4,534.8
2002-04-20,,512.2,545.9
2002-04-21,,510.1,550.1
2002-04-22,,511.6,544.8
2002-04-23,,515.7,534.3
2002-04-24,,519.7,522.4
2002-04-25,,519.9,513.1
2002-04-26,,515.6,509.2
2002-04-27,,508.5,509.3
2002-04-28,,501.3,509.8
2002-04-29,,495.9,512.0
2002-04-30,,493.0,516.4
2002-05-01,,492.3,516.1
2002-05-02,,493.5,512.6
2002-05-03,,495.3,510.1
2002-05-04,,496.0,504.2
2002-05-05,,494.5,491.8
2002-05-06,,490.4,475.8
2002-05-07,,483.7,459.4
2002-05-08,,474.4,444.5
2002-05-09,,463.0,432.0
2002-05-10,,450.6,422.2
2002-05-11,,438.3,415.6
2002-05-12,,426.8,412.5
2002-05-13,,416.7,411.0
2002-05-14,,408.4,408.1
2002-05-15,,402.1,402.3
2002-05-16,,397.5,395.1
2002-05-17,,393.7,388.5
2002-05-18,,389.8,384.3
2002-05-19,,385.2,383.0
2002-05-20,,380.0,383.4
2002-05-21,,375.0,383.1
2002-05-22,,370.7,380.5
2002-05-23,,367.3,375.6
2002-05-24,,364.7,369.3
2002-05-25,,362.4,362.8
2002-05-26,,359.7,356.9
2002-05-27,,356.4,351.7
2002-05-28,,352.4,347.2
2002-05-29,,347.9,343.4
2002-05-30,,343.5,341.1
2002-05-31,,339.8,342.2
2002-06-01,,337.0,349.0
2002-06-02,,335.3,365.8
2002-06-03,,334.8,398.9
2002-06-04,,335.7,451.7
2002-06-05,,338.7,485.4
2002-06-06,,345.7,488.4
2002-06-07,,359.3,493.5
2002-06-08,,379.0,512.4
2002-06-09,,400.0,521.0
2002-06-10,,419.8,514.6
2002-06-11,,437.2,503.7
2002-06-12,,449.6,504.5
2002-06-13,,456.9,530.1
2002-06-14,,460.3,587.9
2002-06-15,,464.4,744.5
2002-06-16,,479.1,778.9
2002-06-17,,535.2,721.4
2002-06-18,,633.9,658.4
2002-06-19,,670.7,604.1
2002-06-20,,645.5,559.2
2002-06-21,,603.0,523.1
2002-06-22,,560.9,495.4
2002-06-23,,523.7,474.6
2002-06-24,,492.2,458.6
2002-06-25,,466.3,446.0
2002-06-26,,445.4,436.4
2002-06-27,,428.7,429.0
2002-06-28,,415.2,423.3
2002-06-29,,404.3,420.7
2002-06-30,,395.5,423.3
2002-07-01,,388.7,428.4
2002-07-02,,384.1,431.7
2002-07-03,,381.6,438.0
2002-07-04,,380.9,451.2
2002-07-05,,381.5,460.8
2002-07-06,,383.4,457.8
2002-07-07,,386.8,445.3
2002-07-08,,390.2,429.8
2002-07-09,,391.3,417.3
2002-07-10,,388.7,410.9
2002-07-11,,383.2,407.7
2002-07-12,,376.3,403.1
2002-07-13,,369.8,395.5
2002-07-14,,363.9,386.7
2002-07-15,,358.6,378.2
2002-07-16,,353.4,370.8
2002-07-17,,348.0,364.6
2002-07-18,,342.5,359.7
2002-07-19,,337.3,356.5
2002-07-20,,332.9,354.6
2002-07-21,,329.0,353.7
2002-07-22,,325.8,354.4
2002-07-23,,323.0,356.9
2002-07-24,,320.7,361.3
2002-07-25,,318.9,366.9
2002-07-26,,317.6,371.7
2002-07-27,,316.9,374.4
2002-07-28,,316.7,375.1
2002-07-29,,316.8,373.8
2002-07-30,,316.9,370.1
2002-07-31,,316.8,364.1
2002-08-01,,316.2,356.6
2002-08-02,,314.9,348.2
2002-08-03,,312.9,339.7
2002-08-04,,310.1,331.8
2002-08-05,,306.6,325.1
2002-08-06,,302.6,319.9
2002-08-07,,298.1,316.1
2002-08-08,,293.6,313.6
2002-08-09,,289.3,311.9
2002-08-10,,285.3,309.8
2002-08-11,,281.7,306.7
2002-08-12,,278.5,302.7
2002-08-13,,275.8,298.5
2002-08-14,,273.3,294.8
2002-08-15,,270.8,292.6
2002-08-16,,268.1,292.3
2002-08-17,,265.4,293.7
2002-08-18,,262.8,296.0
2002-08-19,,260.4,301.7
2002-08-20,,258.5,328.8
2002-08-21,,257.4,382.7
2002-08-22,,258.8,406.0
2002-08-23,,268.8,399.1
2002-08-24,,296.3,383.0
2002-08-25,,332.4,365.0
2002-08-26,,351.9,347.9
2002-08-27,,351.1,333.3
2002-08-28,,340.2,321.8
2002-08-29,,326.7,312.9
2002-08-30,,313.4,306.0
2002-08-31,,301.7,300.6
2002-09-01,,291.8,296.1
2002-09-02,,283.5,292.1
2002-09-03,,276.8,288.6
2002-09-04,,271.2,285.3
2002-09-05,,266.5,282.3
2002-09-06,,262.5,279.4
2002-09-07,,259.0,276.6
2002-09-08,,255.8,273.9
2002-09-09,,252.9,271.2
2002-09-10,,250.2,268.6
2002-09-11,,247.6,266.2
2002-09-12,,245.2,264.3
2002-09-13,,242.8,263.1
2002-09-14,,240.6,262.1
2002-09-15,,238.4,260.5
2002-09-16,,236.5,258.1
2002-09-17,,234.9,255.4
2002-09-18,,233.3,252.7
2002-09-19,,231.7,250.4
2002-09-20,,230.0,248.4
2002-09-21,,228.1,247.8
2002-09-22,,226.2,250.0
2002-09-23,,224.2,254.6
2002-09-24,,222.5,258.4
2002-09-25,,221.4,259.7
2002-09-26,,221.0,258.8
2002-09-27,,221.5,257.5
2002-09-28,,222.6,257.0
2002-09-29,,223.8,258.5
2002-09-30,,224.6,262.1
2002-10-01,,224.9,267.2
2002-10-02,,225.1,272.5
2002-10-03,,225.7,277.4
2002-10-04,,227.2,281.6
2002-10-05,,229.7,284.0
2002-10-06,,233.0,283.6
2002-10-07,,236.7,280.9
2002-10-08,,240.0,276.6
2002-10-09,,242.5,271.8
2002-10-10,,243.6,267.1
2002-10-11,,243.0,263.1
2002-10-12,,241.2,260.8
2002-10-13,,238.5,261.0
2002-10-14,,235.5,264.1
2002-10-15,,233.2,269.5
2002-10-16,,232.0,276.0
2002-10-17,,232.6,286.6
2002-10-18,,235.1,305.2
2002-10-19,,240.1,325.5
2002-10-20,,247.8,338.2
2002-10-21,,259.7,345.9
2002-10-22,,276.1,356.7
2002-10-23,,294.3,384.2
2002-10-24,,311.9,419.3
2002-10-25,,332.1,435.0
2002-10-26,,362.6,436.3
2002-10-27,,399.6,435.2
2002-10-28,,426.0,439.4
2002-10-29,,438.3,454.3
2002-10-30,,445.4,471.7
2002-10-31,,455.1,484.5
2002-11-01,,469.7,503.3
2002-11-02,,487.3,526.9
2002-11-03,,508.1,545.4
2002-11-04,,535.6,558.3
2002-11-05,,566.8,560.9
2002-11-06,,592.2,563.5
2002-11-07,,605.7,582.3
2002-11-08,,613.7,588.8
2002-11-09,,624.6,574.8
2002-11-10,,634.0,558.1
2002-11-11,,631.9,545.8
2002-11-12,,619.0,537.7
2002-11-13,,602.7,532.4
2002-11-14,,587.8,530.6
2002-11-15,,576.0,536.5
2002-11-16,,568.2,547.7
2002-11-17,,566.2,553.9
2002-11-18,,571.0,553.6
2002-11-19,,580.0,550.7
2002-11-20,,586.8,549.0
2002-11-21,,588.8,550.1
2002-11-22,,588.0,553.7
2002-11-23,,587.3,562.6
2002-11-24,,588.9,569.3
2002-11-25,,594.1,568.0
2002-11-26,,601.4,563.0
2002-11-27,,606.5,558.5
2002-11-28,,607.0,562.0
2002-11-29,,605.1,566.4
2002-11-30,,604.8,561.0
2002-12-01,,607.4,552.6
2002-12-02,,609.8,548.4
2002-12-03,,608.0,546.9
2002-12-04,,602.9,553.7
2002-12-05,,598.5,579.4
2002-12-06,,601.7,600.3
2002-12-07,,618.5,602.0
2002-12-08,,642.8,599.1
2002-12-09,,658.9,592.0
2002-12-10,,661.4,578.2
2002-12-11,,654.3,562.8
2002-12-12,,640.9,548.8
2002-12-13,,623.7,536.8
2002-12-14,,605.6,526.3
2002-12-15,,588.5,516.8
2002-12-16,,573.4,508.1
2002-12-17,,560.2,499.8
2002-12-18,,548.5,491.8
2002-12-19,,537.9,484.1
2002-12-20,,528.0,476.6
2002-12-21,,518.8,469.1
2002-12-22,,509.8,461.7
2002-12-23,,501.2,454.3
2002-12-24,,492.7,446.8
2002-12-25,,484.4,439.3
2002-12-26,,476.1,432.1
2002-12-27,,467.9,425.0
2002-12-28,,459.8,418.2
2002-12-29,,451.8,411.5
2002-12-30,,444.1,405.1
2002-12-31,,436.7,399.8
2003-01-01,,430.1,396.3
2003-01-02,,424.6,395.8
2003-01-03,,421.0,405.7
2003-01-04,,421.0,462.6
2003-01-05,,428.2,537.9
2003-01-06,,453.9,551.4
2003-01-07,,514.4,579.0
2003-01-08,,584.1,670.5
2003-01-09,,643.4,682.0
2003-01-10,,721.1,643.3
2003-01-11,,765.6,604.8
2003-01-12,,749.6,575.3
2003-01-13,,710.6,553.8
2003-01-14,,670.7,537.7
2003-01-15,,637.3,526.2
2003-01-16,,612.5,519.8
2003-01-17,,595.4,517.6
2003-01-18,,584.5,519.2
2003-01-19,,578.7,525.3
2003-01-20,,577.5,537.8
2003-01-21,,581.0,556.7
2003-01-22,,590.5,571.6
2003-01-23,,606.6,572.6
2003-01-24,,624.1,565.1
2003-01-25,,634.2,556.9
2003-01-26,,634.1,557.0
2003-01-27,,629.0,585.0
2003-01-28,,629.7,634.1
2003-01-29,,652.9,656.2
2003-01-30,,702.9,655.4
2003-01-31,,748.7,660.0
2003-02-01,,771.8,707.4
2003-02-02,,795.6,765.0
2003-02-03,,842.7,759.9
2003-02-04,,888.0,725.0
2003-02-05,,893.0,688.1
2003-02-06,,862.1,657.8
2003-02-07,,817.9,634.5
2003-02-08,,774.3,616.2
2003-02-09,,736.5,601.1
2003-02-10,,705.2,587.8
2003-02-11,,679.5,575.8
2003-02-12,,658.2,564.7
2003-02-13,,640.1,554.2
2003-02-14,,624.2,544.3
2003-02-15,,610.0,534.8
2003-02-16,,596.9,525.6
2003-02-17,,584.8,516.7
2003-02-18,,573.4,508.1
2003-02-19,,562.5,499.7
2003-02-20,,552.0,491.5
2003-02-21,,541.9,483.5
2003-02-22,,532.1,475.7
2003-02-23,,522.6,468.0
2003-02-24,,513.3,460.6
2003-02-25,,504.3,453.2
2003-02-26,,495.5,446.1
2003-02-27,,486.9,439.0
2003-02-28,,478.5,432.2
2003-03-01,,470.4,425.4
2003-03-02,,462.3,418.8
2003-03-03,,454.5,412.3
2003-03-04,,446.8,405.9
2003-03-05,,439.2,399.8
2003-03-06,,431.8,394.3
2003-03-07,,424.6,390.2
2003-03-08,,417.6,388.4
2003-03-09,,411.1,387.7
2003-03-10,,405.4,385.5
2003-03-11,,401.7,382.8
2003-03-12,,402.2,385.0
2003-03-13,,408.4,398.8
2003-03-14,,421.7,470.3
2003-03-15,,447.6,970.9
2003-03-16,,548.8,1191.0
2003-03-17,,1192.0,1107.0
2003-03-18,,1457.0,994.1
2003-03-19,,1381.0,908.6
2003-03-20,,1264.0,863.3
2003-03-21,,1170.0,870.9
2003-03-22,,1121.0,944.2
2003-03-23,,1133.0,1040.0
2003-03-24,,1197.0,1038.0
2003-03-25,,1238.0,955.3
2003-03-26,,1200.0,868.6
2003-03-27,,1113.0,808.1
2003-03-28,,1021.0,822.6
2003-03-29,,958.2,981.2
2003-03-30,,973.8,1128.0
2003-03-31,,1102.0,1168.0
2003-04-01,,1253.0,1223.0
2003-04-02,,1346.0,1231.0
2003-04-03,,1399.0,1155.0
2003-04-04,,1373.0,1057.0
2003-04-05,,1284.0,959.5
2003-04-06,,1175.0,885.7
2003-04-07,,1070.0,861.7
2003-04-08,,986.3,856.4
2003-04-09,,934.6,834.1
2003-04-10,,906.6,798.4
2003-04-11,,881.0,755.4
2003-04-12,,847.6,716.7
2003-04-13,,812.4,692.1
2003-04-14,,783.8,703.4
2003-04-15,,771.9,866.7
2003-04-16,,801.7,1028.0
2003-04-17,,912.6,1039.0
2003-04-18,,1042.0,1032.0
2003-04-19,,1096.0,1009.0
2003-04-20,,1094.0,961.3
2003-04-21,,1069.0,904.1
2003-04-22,,1025.0,850.4
2003-04-23,,968.6,801.3
2003-04-24,,907.3,749.7
2003-04-25,,847.4,696.9
2003-04-26,,790.7,649.0
2003-04-27,,737.6,612.8
2003-04-28,,689.3,597.3
2003-04-29,,648.7,600.3
2003-04-30,,619.5,595.7
2003-05-01,,602.9,576.0
2003-05-02,,593.3,557.1
2003-05-03,,582.6,543.7
2003-05-04,,567.7,526.4
2003-05-05,,550.9,504.4
2003-05-06,,533.9,482.4
2003-05-07,,516.5,463.5
2003-05-08,,498.4,450.1
2003-05-09,,480.2,442.5
2003-05-10,,463.5,435.2
2003-05-11,,449.4,424.9
2003-05-12,,438.0,413.3
2003-05-13,,428.0,403.0
2003-05-14,,418.5,396.6
2003-05-15,,409.2,395.7
2003-05-16,,400.6,401.1
2003-05-17,,394.0,413.3
2003-05-18,,390.0,432.4
2003-05-19,,389.0,457.0
2003-05-20,,391.3,475.7
2003-05-21,,398.0,484.3
2003-05-22,,409.8,477.1
2003-05-23,,424.0,458.3
2003-05-24,,434.3,439.0
2003-05-25,,436.9,435.3
2003-05-26,,433.6,495.7
2003-05-27,,429.1,597.7
2003-05-28,,430.2,602.2
2003-05-29,,449.1,564.9
2003-05-30,,488.7,519.1
2003-05-31,,514.8,476.3
2003-06-01,,509.5,440.8
2003-06-02,,486.7,414.0
2003-06-03,,459.1,394.6
2003-06-04,,432.8,380.9
2003-06-05,,409.9,370.8
2003-06-06,,391.1,363.3
2003-06-07,,376.0,357.6
2003-06-08,,364.2,352.9
2003-06-09,,355.0,348.5
2003-06-10,,347.7,343.9
2003-06-11,,341.8,339.6
2003-06-12,,336.8,335.9
2003-06-13,,332.4,332.5
2003-06-14,,328.2,328.9
2003-06-15,,324.3,325.3
2003-06-16,,320.5,321.8
2003-06-17,,316.9,318.5
2003-06-18,,313.4,315.1
2003-06-19,,310.1,311.8
2003-06-20,,306.8,308.7
2003-06-21,,303.5,305.8
2003-06-22,,300.4,302.7
2003-06-23,,297.3,299.7
2003-06-24,,294.3,297.1
2003-06-25,,291.3,295.3
2003-06-26,,288.5,294.1
2003-06-27,,285.7,292.6
2003-06-28,,283.0,290.4
2003-06-29,,280.4,287.4
2003-06-30,,277.9,283.8
2003-07-01,,275.6,280.0
2003-07-02,,273.3,276.2
2003-07-03,,271.0,273.0
2003-07-04,,268.7,270.3
2003-07-05,,266.3,267.4
2003-07-06,,263.8,264.6
2003-07-07,,261.1,261.8
2003-07-08,,258.5,259.1
2003-07-09,,255.8,256.6
2003-07-10,,253.3,254.2
2003-07-11,,250.8,252.0
2003-07-12,,248.4,250.3
2003-07-13,,246.0,249.2
2003-07-14,,243.7,248.6
2003-07-15,,241.5,248.2
2003-07-16,,239.3,247.3
2003-07-17,,237.2,245.8
2003-07-18,,235.1,243.9
2003-07-19,,233.1,241.9
2003-07-20,,231.1,240.3
2003-07-21,,229.1,239.1
2003-07-22,,227.1,237.9
2003-07-23,,225.2,236.2
2003-07-24,,223.4,233.6
2003-07-25,,221.7,230.6
2003-07-26,,220.0,227.6
2003-07-27,,218.3,224.8
2003-07-28,,216.6,222.3
2003-07-29,,214.9,219.9
2003-07-30,,213.1,217.6
2003-07-31,,211.2,215.5
2003-08-01,,209.3,213.6
2003-08-02,,207.4,211.9
2003-08-03,,205.5,210.5
2003-08-04,,203.7,209.3
2003-08-05,,202.0,209.0
2003-08-06,,200.4,210.7
2003-08-07,,198.8,214.1
2003-08-08,,197.2,217.2
2003-08-09,,196.0,217.8
2003-08-10,,195.1,215.6
2003-08-11,,194.9,211.5
2003-08-12,,195.2,206.7
2003-08-13,,195.6,202.3
2003-08-14,,195.5,198.5
2003-08-15,,194.7,195.4
2003-08-16,,193.0,192.9
2003-08-17,,190.7,190.7
2003-08-18,,188.2,188.7
2003-08-19,,185.7,186.8
2003-08-20,,183.3,185.0
2003-08-21,,181.1,183.2
2003-08-22,,179.0,181.6
2003-08-23,,177.2,180.0
2003-08-24,,175.4,178.5
2003-08-25,,173.8,177.0
2003-08-26,,172.2,175.6
2003-08-27,,170.7,174.2
2003-08-28,,169.3,172.9
2003-08-29,,167.8,171.5
2003-08-30,,166.5,170.0
2003-08-31,,165.1,168.5
2003-09-01,,163.7,166.9
2003-09-02,,162.3,165.4
2003-09-03,,161.0,163.9
2003-09-04,,159.7,162.4
2003-09-05,,158.4,161.1
2003-09-06,,157.1,159.9
2003-09-07,,155.9,158.7
2003-09-08,,154.6,157.6
2003-09-09,,153.4,156.5
2003-09-10,,152.2,155.6
2003-09-11,,151.1,154.8
2003-09-12,,149.9,154.1
2003-09-13,,148.7,153.7
2003-09-14,,147.6,153.1
2003-09-15,,146.5,152.5
2003-09-16,,145.4,151.6
2003-09-17,,144.4,150.4
2003-09-18,,143.4,149.1
2003-09-19,,142.5,147.6
2003-09-20,,141.6,146.4
2003-09-21,,140.7,145.4
2003-09-22,,139.8,144.7
2003-09-23,,138.9,144.1
2003-09-24,,137.8,143.3
2003-09-25,,136.8,142.3
2003-09-26,,135.8,141.0
2003-09-27,,134.9,139.6
2003-09-28,,133.9,138.2
2003-09-29,,133.0,136.7
2003-09-30,,132.0,135.4
2003-10-01,,131.1,134.2
2003-10-02,,130.3,133.2
2003-10-03,,129.5,132.3
2003-10-04,,128.6,131.5
2003-10-05,,127.7,130.7
2003-10-06,,126.9,130.1
2003-10-07,,126.2,130.0
2003-10-08,,125.6,129.9
2003-10-09,,125.1,130.1
2003-10-10,,124.6,130.6
2003-10-11,,124.1,131.2
2003-10-12,,123.7,132.0
2003-10-13,,123.4,133.1
2003-10-14,,123.0,135.0
2003-10-15,,122.8,137.6
2003-10-16,,122.8,140.5
2003-10-17,,122.8,143.4
2003-10-18,,123.0,146.3
2003-10-19,,123.4,148.8
2003-10-20,,124.2,150.8
2003-10-21,,125.5,152.1
2003-10-22,,127.1,153.0
2003-10-23,,129.1,153.9
2003-10-24,,131.4,154.8
2003-10-25,,133.8,155.6
2003-10-26,,136.1,156.1
2003-10-27,,138.3,156.4
2003-10-28,,140.3,157.2
2003-10-29,,142.0,159.2
2003-10-30,,143.4,162.0
2003-10-31,,144.7,164.6
2003-11-01,,146.0,166.3
2003-11-02,,147.7,167.0
2003-11-03,,149.9,167.5
2003-11-04,,152.7,168.6
2003-11-05,,155.6,170.1
2003-11-06,,158.3,172.1
2003-11-07,,160.5,175.1
2003-11-08,,162.2,179.2
2003-11-09,,163.6,184.4
2003-11-10,,165.0,190.1
2003-11-11,,166.9,194.9
2003-11-12,,169.8,198.0
2003-11-13,,174.2,200.0
2003-11-14,,179.9,201.4
2003-11-15,,186.1,202.2
2003-11-16,,191.8,202.2
2003-11-17,,196.2,201.4
2003-11-18,,199.2,200.1
2003-11-19,,201.2,198.8
2003-11-20,,202.6,198.0
2003-11-21,,203.7,197.9
2003-11-22,,204.3,197.7
2003-11-23,,204.3,197.7
2003-11-24,,203.9,198.4
2003-11-25,,203.2,200.5
2003-11-26,,202.4,204.1
2003-11-27,,201.9,207.7
2003-11-28,,202.2,209.8
2003-11-29,,203.6,210.4
2003-11-30,,206.3,209.9
2003-12-01,,209.4,208.8
2003-12-02,,212.1,207.6
2003-12-03,,213.7,206.8
2003-12-04,,214.1,206.5
2003-12-05,,213.7,206.5
2003-12-06,,213.0,207.1
2003-12-07,,212.7,208.7
2003-12-08,,213.2,210.6
2003-12-09,,214.1,211.9
2003-12-10,,215.5,212.5
2003-12-11,,217.3,212.7
2003-12-12,,219.0,213.1
2003-12-13,,220.5,214.2
2003-12-14,,221.8,216.1
2003-12-15,,224.1,219.7
2003-12-16,,228.7,225.6
2003-12-17,,234.8,231.7
2003-12-18,,241.4,237.4
2003-12-19,,247.9,243.4
2003-12-20,,253.8,250.9
2003-12-21,,259.2,260.3
2003-12-22,,265.2,269.3
2003-12-23,,272.9,275.3
2003-12-24,,283.2,278.4
2003-12-25,,294.8,280.1
2003-12-26,,305.3,281.3
2003-12-27,,312.5,282.5
2003-12-28,,316.4,283.9
2003-12-29,,318.3,285.3
2003-12-30,,319.6,285.7
2003-12-31,,321.4,285.5
2004-01-01,,323.8,284.8
2004-01-02,,326.1,284.3
2004-01-03,,327.4,283.8
2004-01-04,,327.5,284.6
2004-01-05,,326.8,288.3
2004-01-06,,326.2,295.4
2004-01-07,,326.7,302.8
2004-01-08,,330.1,306.0
2004-01-09,,337.0,304.8
2004-01-10,,345.9,301.6
2004-01-11,,352.3,298.0
2004-01-12,,353.7,294.4
2004-01-13,,351.8,292.2
2004-01-14,,349.9,292.7
2004-01-15,,348.9,294.6
2004-01-16,,349.4,297.6
2004-01-17,,350.6,301.1
2004-01-18,,352.8,306.3
2004-01-19,,356.2,315.4
2004-01-20,,360.4,330.7
2004-01-21,,366.5,348.2
2004-01-22,,377.2,360.0
2004-01-23,,395.8,366.9
2004-01-24,,418.8,371.1
2004-01-25,,437.0,371.4
2004-01-26,,446.9,368.4
2004-01-27,,450.0,363.8
2004-01-28,,448.0,358.9
2004-01-29,,442.5,354.0
2004-01-30,,435.1,349.1
2004-01-31,,427.1,344.2
2004-02-01,,419.3,339.4
2004-02-02,,412.5,335.7
2004-02-03,,408.0,334.8
2004-02-04,,406.3,337.3
2004-02-05,,409.3,346.1
2004-02-06,,419.5,365.5
2004-02-07,,436.5,400.9
2004-02-08,,460.8,494.3
2004-02-09,,502.4,648.2
2004-02-10,,633.1,741.8
2004-02-11,,909.7,783.0
2004-02-12,,1066.0,791.6
2004-02-13,,1101.0,781.8
2004-02-14,,1085.0,754.8
2004-02-15,,1045.0,721.4
2004-02-16,,990.2,692.3
2004-02-17,,933.6,669.7
2004-02-18,,882.7,652.4
2004-02-19,,841.4,639.8
2004-02-20,,809.2,630.5
2004-02-21,,784.3,623.6
2004-02-22,,765.2,619.9
2004-02-23,,751.2,620.0
2004-02-24,,743.0,620.7
2004-02-25,,740.0,618.3
2004-02-26,,739.0,615.7
2004-02-27,,738.3,624.6
2004-02-28,,741.8,642.3
2004-02-29,,756.4,645.0
2004-03-01,,773.6,632.6
2004-03-02,,776.4,616.6
2004-03-03,,762.8,601.9
2004-03-04,,741.2,589.0
2004-03-05,,718.3,577.5
2004-03-06,,697.3,567.2
2004-03-07,,679.0,557.8
2004-03-08,,663.2,549.1
2004-03-09,,649.2,540.8
2004-03-10,,636.6,532.6
2004-03-11,,625.1,524.8
2004-03-12,,614.8,518.2
2004-03-13,,605.9,513.3
2004-03-14,,599.1,510.4
2004-03-15,,596.0,511.2
2004-03-16,,598.3,518.7
2004-03-17,,609.1,541.6
2004-03-18,,635.0,608.8
2004-03-19,,693.2,790.1
2004-03-20,,851.8,1184.0
2004-03-21,,1298.0,1513.0
2004-03-22,,1906.0,1614.0
2004-03-23,,2178.0,1648.0
2004-03-24,,2242.0,1666.0
2004-03-25,,2241.0,1599.0
2004-03-26,,2173.0,1505.0
2004-03-27,,2044.0,1537.0
2004-03-28,,1986.0,1776.0
2004-03-29,,2146.0,1807.0
2004-03-30,,2290.0,1669.0
2004-03-31,,2197.0,1528.0
2004-04-01,,2016.0,1393.0
2004-04-02,,1823.0,1270.0
2004-04-03,,1639.0,1168.0
2004-04-04,,1475.0,1090.0
2004-04-05,,1338.0,1041.0
2004-04-06,,1227.0,1004.0
2004-04-07,,1142.0,967.6
2004-04-08,,1081.0,972.1
2004-04-09,,1045.0,1038.0
2004-04-10,,1052.0,1083.0
2004-04-11,,1111.0,1168.0
2004-04-12,,1185.0,1173.0
2004-04-13,,1246.0,1107.0
2004-04-14,,1251.0,1034.0
2004-04-15,,1198.0,993.1
2004-04-16,,1127.0,967.2
2004-04-17,,1065.0,918.1
2004-04-18,,1014.0,857.7
2004-04-19,,964.1,800.3
2004-04-20,,909.6,752.6
2004-04-21,,856.2,719.3
2004-04-22,,809.0,701.4
2004-04-23,,769.6,689.1
2004-04-24,,738.3,671.1
2004-04-25,,713.8,648.9
2004-04-26,,692.9,628.3
2004-04-27,,673.8,613.1
2004-04-28,,657.0,605.5
2004-04-29,,643.5,607.2
2004-04-30,,633.1,616.2
2004-05-01,,625.4,619.1
2004-05-02,,620.5,608.0
2004-05-03,,617.1,589.5
2004-05-04,,611.7,571.1
2004-05-05,,601.9,556.0
2004-05-06,,588.8,544.2
2004-05-07,,574.7,535.0
2004-05-08,,561.5,527.9
2004-05-09,,550.1,521.5
2004-05-10,,540.5,513.7
2004-05-11,,532.5,506.3
2004-05-12,,525.1,502.3
2004-05-13,,518.0,505.7
2004-05-14,,512.0,515.0
2004-05-15,,508.8,520.9
2004-05-16,,509.0,519.1
2004-05-17,,511.3,514.2
2004-05-18,,513.0,514.4
2004-05-19,,512.5,525.7
2004-05-20,,511.0,546.3
2004-05-21,,511.3,561.4
2004-05-22,,516.1,558.4
2004-05-23,,524.7,541.2
2004-05-24,,531.9,517.8
2004-05-25,,531.9,494.2
2004-05-26,,523.7,478.2
2004-05-27,,510.0,481.4
2004-05-28,,495.5,505.2
2004-05-29,,485.1,525.7
2004-05-30,,482.7,527.4
2004-05-31,,488.6,516.7
2004-06-01,,497.2,502.1
2004-06-02,,501.6,488.2
2004-06-03,,499.2,477.2
2004-06-04,,491.6,466.7
2004-06-05,,481.8,452.8
2004-06-06,,471.6,435.6
2004-06-07,,461.1,418.7
2004-06-08,,449.6,405.8
2004-06-09,,437.0,400.6
2004-06-10,,424.3,415.7
2004-06-11,,413.2,455.2
2004-06-12,,406.1,466.3
2004-06-13,,407.0,450.3
2004-06-14,,417.3,428.1
2004-06-15,,428.9,407.2
2004-06-16,,431.3,390.2
2004-06-17,,423.9,379.6
2004-06-18,,411.4,377.6
2004-06-19,,398.4,379.8
2004-06-20,,387.3,377.2
2004-06-21,,379.5,368.7
2004-06-22,,374.9,358.4
2004-06-23,,371.8,348.8
2004-06-24,,367.8,340.8
2004-06-25,,362.0,337.1
2004-06-26,,354.9,348.7
2004-06-27,,347.8,368.8
2004-06-28,,342.0,370.5
2004-06-29,,339.6,359.6
2004-06-30,,342.0,346.8
2004-07-01,,346.2,337.4
2004-07-02,,347.1,332.0
2004-07-03,,343.5,328.3
2004-07-04,,337.4,323.5
2004-07-05,,330.7,317.2
2004-07-06,,324.5,310.2
2004-07-07,,318.8,303.9
2004-07-08,,313.7,300.1
2004-07-09,,308.8,299.3
2004-07-10,,304.2,299.0
2004-07-11,,300.3,296.9
2004-07-12,,297.0,293.2
2004-07-13,,294.4,288.8
2004-07-14,,292.1,283.8
2004-07-15,,289.7,278.3
2004-07-16,,286.8,273.2
2004-07-17,,283.5,269.0
2004-07-18,,280.0,265.6
2004-07-19,,276.3,262.6
2004-07-20,,272.6,259.9
2004-07-21,,269.1,257.4
2004-07-22,,265.8,255.1
2004-07-23,,262.7,252.6
2004-07-24,,259.9,249.8
2004-07-25,,257.2,247.1
2004-07-26,,254.8,244.7
2004-07-27,,252.4,242.9
2004-07-28,,250.1,241.8
2004-07-29,,247.9,241.8
2004-07-30,,246.0,243.3
2004-07-31,,244.4,246.4
2004-08-01,,243.4,254.7
2004-08-02,,243.0,293.6
2004-08-03,,243.6,501.1
2004-08-04,,247.4,635.7
2004-08-05,,280.0,612.1
2004-08-06,,446.7,558.1
2004-08-07,,583.9,511.1
2004-08-08,,589.0,476.4
2004-08-09,,553.4,450.3
2004-08-10,,513.4,429.2
2004-08-11,,478.5,411.7
2004-08-12,,449.7,397.3
2004-08-13,,426.4,386.5
2004-08-14,,407.5,380.8
2004-08-15,,392.3,379.3
2004-08-16,,380.8,376.4
2004-08-17,,372.9,370.0
2004-08-18,,367.5,366.2
2004-08-19,,363.1,371.5
2004-08-20,,359.4,379.9
2004-08-21,,358.1,380.8
2004-08-22,,359.6,371.3
2004-08-23,,361.3,356.0
2004-08-24,,359.7,340.4
2004-08-25,,353.6,327.7
2004-08-26,,344.4,321.7
2004-08-27,,334.2,332.1
2004-08-28,,325.4,363.1
2004-08-29,,321.2,386.6
2004-08-30,,325.6,391.6
2004-08-31,,339.1,397.5
2004-09-01,,355.2,417.0
2004-09-02,,369.3,426.5
2004-09-03,,385.8,416.1
2004-09-04,,403.6,399.1
2004-09-05,,411.1,386.8
2004-09-06,,405.4,383.2
2004-09-07,,393.8,380.6
2004-09-08,,383.4,372.4
2004-09-09,,376.0,359.5
2004-09-10,,369.6,344.8
2004-09-11,,361.7,330.6
2004-09-12,,351.4,318.1
2004-09-13,,339.8,308.1
2004-09-14,,328.0,300.3
2004-09-15,,316.8,294.2
2004-09-16,,307.0,289.2
2004-09-17,,298.6,284.8
2004-09-18,,291.6,280.8
2004-09-19,,285.8,277.3
2004-09-20,,280.8,275.5
2004-09-21,,276.5,277.5
2004-09-22,,272.9,283.3
2004-09-23,,270.5,288.4
2004-09-24,,269.8,288.7
2004-09-25,,270.6,284.5
2004-09-26,,272.0,277.8
2004-09-27,,272.5,271.1
2004-09-28,,271.2,266.7
2004-09-29,,268.2,266.8
2004-09-30,,264.4,271.7
2004-10-01,,261.0,278.2
2004-10-02,,259.1,283.5
2004-10-03,,259.1,287.5
2004-10-04,,260.9,290.0
2004-10-05,,263.7,290.9
2004-10-06,,266.7,293.7
2004-10-07,,269.5,299.4
2004-10-08,,272.1,303.5
2004-10-09,,275.1,303.1
2004-10-10,,278.8,298.7
2004-10-11,,282.0,291.5
2004-10-12,,283.3,282.6
2004-10-13,,281.9,273.4
2004-10-14,,278.1,266.9
2004-10-15,,272.6,267.2
2004-10-16,,266.6,274.2
2004-10-17,,261.7,282.1
2004-10-18,,259.4,286.4
2004-10-19,,260.1,286.6
2004-10-20,,262.7,284.5
2004-10-21,,265.2,284.1
2004-10-22,,266.5,292.7
2004-10-23,,266.8,311.4
2004-10-24,,268.1,322.5
2004-10-25,,272.8,321.5
2004-10-26,,282.2,315.8
2004-10-27,,292.4,309.9
2004-10-28,,298.0,304.8
2004-10-29,,298.3,300.2
2004-10-30,,295.4,295.0
2004-10-31,,291.4,288.9
2004-11-01,,287.2,282.2
2004-11-02,,282.6,275.1
2004-11-03,,277.7,268.1
2004-11-04,,272.3,262.0
2004-11-05,,266.6,260.3
2004-11-06,,261.1,268.3
2004-11-07,,256.7,284.6
2004-11-08,,254.9,297.0
2004-11-09,,257.4,301.0
2004-11-10,,264.3,300.0
2004-11-11,,272.5,297.5
2004-11-12,,278.4,295.6
2004-11-13,,281.0,297.7
2004-11-14,,281.6,306.5
2004-11-15,,282.0,318.5
2004-11-16,,284.3,324.6
2004-11-17,,289.8,330.9
2004-11-18,,298.0,361.6
2004-11-19,,308.4,394.1
2004-11-20,,326.2,396.1
2004-11-21,,355.4,392.1
2004-11-22,,380.9,399.9
2004-11-23,,391.4,424.1
2004-11-24,,397.6,445.7
2004-11-25,,411.7,445.9
2004-11-26,,430.9,437.7
2004-11-27,,441.5,434.2
2004-11-28,,441.9,436.9
2004-11-29,,440.4,438.4
2004-11-30,,441.9,436.8
2004-12-01,,444.3,434.6
2004-12-02,,444.7,436.3
2004-12-03,,444.7,445.8
2004-12-04,,448.1,460.8
2004-12-05,,457.0,476.9
2004-12-06,,471.2,499.9
2004-12-07,,489.6,525.9
2004-12-08,,513.5,536.8
2004-12-09,,539.3,532.1
2004-12-10,,556.6,522.4
2004-12-11,,561.2,515.0
2004-12-12,,557.0,509.4
2004-12-13,,549.4,503.9
2004-12-14,,541.1,498.3
2004-12-15,,533.1,492.3
2004-12-16,,525.6,485.6
2004-12-17,,518.2,478.4
2004-12-18,,510.8,470.9
2004-12-19,,503.2,463.5
2004-12-20,,495.4,456.2
2004-12-21,,487.7,449.3
2004-12-22,,480.0,442.9
2004-12-23,,472.6,437.4
2004-12-24,,465.8,433.7
2004-12-25,,460.6,432.1
2004-12-26,,457.5,431.5
2004-12-27,,455.7,430.7
2004-12-28,,454.8,430.7
2004-12-29,,454.6,433.3
2004-12-30,,455.1,442.5
2004-12-31,,457.5,467.1
2005-01-01,,464.4,511.3
2005-01-02,,480.9,544.1
2005-01-03,,511.7,545.5
2005-01-04,,550.5,535.5
2005-01-05,,580.0,536.5
2005-01-06,,594.7,557.7
2005-01-07,,605.6,610.4
2005-01-08,,628.5,762.2
2005-01-09,,698.4,881.6
2005-01-10,,851.3,906.0
2005-01-11,,988.6,866.8
2005-01-12,,1029.0,807.5
2005-01-13,,996.8,759.2
2005-01-14,,938.8,726.5
2005-01-15,,882.1,705.7
2005-01-16,,837.3,698.4
2005-01-17,,806.7,717.8
2005-01-18,,794.7,746.5
2005-01-19,,804.3,748.6
2005-01-20,,822.3,723.4
2005-01-21,,827.7,692.6
2005-01-22,,814.5,669.2
2005-01-23,,790.7,655.9
2005-01-24,,766.6,655.9
2005-01-25,,749.8,687.2
2005-01-26,,748.1,738.4
2005-01-27,,769.2,741.0
2005-01-28,,804.7,710.5
2005-01-29,,823.4,679.2
2005-01-30,,810.0,654.2
2005-01-31,,779.6,634.6
2005-02-01,,747.0,618.7
2005-02-02,,718.1,605.1
2005-02-03,,694.0,593.2
2005-02-04,,674.0,582.3
2005-02-05,,657.0,571.8
2005-02-06,,642.2,561.8
2005-02-07,,628.7,552.1
2005-02-08,,616.3,542.7
2005-02-09,,604.5,533.6
2005-02-10,,593.3,524.7
2005-02-11,,582.6,516.1
2005-02-12,,572.4,508.0
2005-02-13,,563.2,500.8
2005-02-14,,555.7,495.9
2005-02-15,,549.8,492.8
2005-02-16,,544.5,490.5
2005-02-17,,540.4,494.3
2005-02-18,,539.8,514.7
2005-02-19,,544.7,547.4
2005-02-20,,559.7,573.6
2005-02-21,,590.1,591.6
2005-02-22,,632.0,597.7
2005-02-23,,668.4,591.1
2005-02-24,,684.9,579.8
2005-02-25,,683.1,571.3
2005-02-26,,672.5,569.5
2005-02-27,,663.1,582.7
2005-02-28,,661.9,610.4
2005-03-01,,673.4,628.7
2005-03-02,,692.6,625.8
2005-03-03,,705.3,611.8
2005-03-04,,703.1,595.9
2005-03-05,,689.8,581.4
2005-03-06,,671.9,568.6
2005-03-07,,653.5,557.2
2005-03-08,,636.4,546.7
2005-03-09,,620.9,536.9
2005-03-10,,606.9,527.6
2005-03-11,,594.2,518.8
2005-03-12,,582.5,510.3
2005-03-13,,571.6,502.3
2005-03-14,,561.5,494.7
2005-03-15,,552.1,487.5
2005-03-16,,543.8,481.8
2005-03-17,,539.3,481.4
2005-03-18,,544.0,495.0
2005-03-19,,565.2,537.6
2005-03-20,,616.5,717.4
2005-03-21,,754.8,1818.0
2005-03-22,,1455.0,1957.0
2005-03-23,,2367.0,1660.0
2005-03-24,,2243.0,1393.0
2005-03-25,,1941.0,1207.0
2005-03-26,,1683.0,1114.0
2005-03-27,,1513.0,1226.0
2005-03-28,,1474.0,1666.0
2005-03-29,,1687.0,1952.0
2005-03-30,,2110.0,2055.0
2005-03-31,,2348.0,1977.0
2005-04-01,,2340.0,1803.0
2005-04-02,,2185.0,1605.0
2005-04-03,,1975.0,1421.0
2005-04-04,,1760.0,1267.0
2005-04-05,,1567.0,1160.0
2005-04-06,,1405.0,1110.0
2005-04-07,,1282.0,1121.0
2005-04-08,,1205.0,1168.0
2005-04-09,,1182.0,1195.0
2005-04-10,,1206.0,1187.0
2005-04-11,,1234.0,1165.0
2005-04-12,,1237.0,1137.0
2005-04-13,,1220.0,1169.0
2005-04-14,,1204.0,1187.0
2005-04-15,,1221.0,1114.0
2005-04-16,,1222.0,1018.0
2005-04-17,,1163.0,945.5
2005-04-18,,1078.0,898.6
2005-04-19,,1002.0,861.3
2005-04-20,,943.9,830.1
2005-04-21,,900.6,800.8
2005-04-22,,864.9,789.4
2005-04-23,,834.6,804.3
2005-04-24,,815.8,841.5
2005-04-25,,817.3,872.9
2005-04-26,,839.9,844.4
2005-04-27,,860.8,791.3
2005-04-28,,853.4,742.1
2005-04-29,,821.1,720.2
2005-04-30,,781.1,779.7
2005-05-01,,752.8,865.7
2005-05-02,,760.9,881.9
2005-05-03,,810.0,861.4
2005-05-04,,853.1,818.9
2005-05-05,,857.4,768.2
2005-05-06,,834.3,729.7
2005-05-07,,803.3,723.7
2005-05-08,,776.1,873.0
2005-05-09,,763.9,992.4
2005-05-10,,804.9,950.1
2005-05-11,,906.9,895.2
2005-05-12,,941.9,866.5
2005-05-13,,913.8,866.2
2005-05-14,,878.2,849.9
2005-05-15,,856.2,817.0
2005-05-16,,842.3,788.5
2005-05-17,,821.7,756.4
2005-05-18,,793.1,717.3
2005-05-19,,761.0,677.7
2005-05-20,,727.2,645.9
2005-05-21,,693.9,637.9
2005-05-22,,665.8,912.8
2005-05-23,,657.1,1290.0
2005-05-24,,775.6,1197.0
2005-05-25,,1081.0,1041.0
2005-05-26,,1132.0,905.8
2005-05-27,,1049.0,797.7
2005-05-28,,944.3,714.7
2005-05-29,,847.9,653.3
2005-05-30,,766.8,609.6
2005-05-31,,701.3,578.6
2005-06-01,,649.8,556.0
2005-06-02,,610.0,539.0
2005-06-03,,579.6,525.7
2005-06-04,,556.3,515.4
2005-06-05,,538.3,508.8
2005-06-06,,524.1,506.2
2005-06-07,,513.0,503.9
2005-06-08,,504.6,498.5
2005-06-09,,498.3,490.7
2005-06-10,,493.1,483.8
2005-06-11,,487.9,479.2
2005-06-12,,482.1,476.7
2005-06-13,,476.4,481.0
2005-06-14,,472.6,511.9
2005-06-15,,472.5,615.7
2005-06-16,,478.5,697.5
2005-06-17,,497.3,705.8
2005-06-18,,535.2,681.0
2005-06-19,,578.5,641.9
2005-06-20,,602.7,601.1
2005-06-21,,601.8,567.2
2005-06-22,,584.9,542.9
2005-06-23,,561.9,525.8
2005-06-24,,539.3,512.6
2005-06-25,,520.0,501.1
2005-06-26,,504.4,490.5
2005-06-27,,491.9,480.9
2005-06-28,,481.2,472.7
2005-06-29,,471.8,465.5
2005-06-30,,463.2,458.8
2005-07-01,,455.5,452.9
2005-07-02,,448.5,447.7
2005-07-03,,442.1,442.9
2005-07-04,,436.4,437.9
2005-07-05,,431.1,432.6
2005-07-06,,426.2,427.5
2005-07-07,,421.5,422.9
2005-07-08,,416.8,418.7
2005-07-09,,412.3,414.7
2005-07-10,,407.8,410.8
2005-07-11,,403.5,409.9
2005-07-12,,399.5,415.1
2005-07-13,,395.9,422.4
2005-07-14,,393.1,426.6
2005-07-15,,391.7,432.7
2005-07-16,,391.5,444.8
2005-07-17,,392.6,455.0
2005-07-18,,395.3,455.7
2005-07-19,,399.9,448.9
2005-07-20,,405.2,438.2
2005-07-21,,408.7,427.5
2005-07-22,,408.6,420.2
2005-07-23,,405.1,416.4
2005-07-24,,399.9,415.7
2005-07-25,,394.6,418.8
2005-07-26,,390.3,421.2
2005-07-27,,387.5,418.2
2005-07-28,,386.2,411.3
2005-07-29,,385.4,403.2
2005-07-30,,383.9,394.7
2005-07-31,,380.9,386.4
2005-08-01,,376.4,379.1
2005-08-02,,370.7,372.2
2005-08-03,,364.6,365.1
2005-08-04,,358.2,358.0
2005-08-05,,351.9,351.9
2005-08-06,,345.9,348.0
2005-08-07,,340.2,346.6
2005-08-08,,335.1,346.2
2005-08-09,,330.8,348.6
2005-08-10,,327.4,359.8
2005-08-11,,325.1,377.7
2005-08-12,,324.7,393.3
2005-08-13,,327.4,412.2
2005-08-14,,333.9,434.6
2005-08-15,,344.1,445.9
2005-08-16,,357.7,444.7
2005-08-17,,373.5,436.4
2005-08-18,,387.9,424.6
2005-08-19,,396.8,412.0
2005-08-20,,398.7,402.2
2005-08-21,,394.7,403.8
2005-08-22,,387.8,415.6
2005-08-23,,381.9,421.7
2005-08-24,,380.6,417.6
2005-08-25,,384.2,407.4
2005-08-26,,388.7,393.4
2005-08-27,,389.0,378.3
2005-08-28,,383.9,369.6
2005-08-29,,374.8,392.7
2005-08-30,,364.4,442.2
2005-08-31,,357.5,448.4
2005-09-01,,363.9,432.8
2005-09-02,,388.1,415.4
2005-09-03,,408.5,400.7
2005-09-04,,409.8,387.2
2005-09-05,,399.7,372.9
2005-09-06,,386.7,358.6
2005-09-07,,373.8,345.9
2005-09-08,,361.4,335.4
2005-09-09,,349.4,327.1
2005-09-10,,337.9,320.5
2005-09-11,,327.3,315.0
2005-09-12,,318.0,310.4
2005-09-13,,310.0,306.2
2005-09-14,,303.3,302.4
2005-09-15,,297.7,298.8
2005-09-16,,292.8,295.5
2005-09-17,,288.5,292.4
2005-09-18,,284.7,289.6
2005-09-19,,281.2,287.5
2005-09-20,,277.9,286.0
2005-09-21,,274.9,284.8
2005-09-22,,272.3,285.2
2005-09-23,,270.0,291.6
2005-09-24,,268.0,304.2
2005-09-25,,266.6,314.7
2005-09-26,,266.6,318.0
2005-09-27,,268.7,315.4
2005-09-28,,272.7,309.5
2005-09-29,,277.0,301.7
2005-09-30,,279.7,292.9
2005-10-01,,280.0,284.1
2005-10-02,,277.9,275.9
2005-10-03,,273.9,269.0
2005-10-04,,268.7,264.0
2005-10-05,,263.1,262.5
2005-10-06,,257.6,267.9
2005-10-07,,252.6,281.7
2005-10-08,,248.8,295.8
2005-10-09,,247.1,302.5
2005-10-10,,248.5,302.1
2005-10-11,,253.3,297.6
2005-10-12,,259.8,290.9
2005-10-13,,265.4,283.1
2005-10-14,,267.9,274.9
2005-10-15,,267.2,266.7
2005-10-16,,264.0,258.6
2005-10-17,,259.3,250.9
2005-10-18,,253.6,244.2
2005-10-19,,247.6,239.2
2005-10-20,,241.5,236.4
2005-10-21,,235.6,235.5
2005-10-22,,230.3,236.3
2005-10-23,,225.7,239.4
2005-10-24,,222.3,245.5
2005-10-25,,220.0,252.3
2005-10-26,,219.3,256.4
2005-10-27,,220.2,256.9
2005-10-28,,222.5,254.8
2005-10-29,,225.8,251.6
2005-10-30,,228.8,249.2
2005-10-31,,230.6,248.7
2005-11-01,,230.9,249.6
2005-11-02,,230.3,250.0
2005-11-03,,229.2,248.8
2005-11-04,,228.4,246.3
2005-11-05,,227.8,243.0
2005-11-06,,227.2,239.4
2005-11-07,,226.4,235.8
2005-11-08,,225.0,232.2
2005-11-09,,223.1,228.6
2005-11-10,,220.7,225.1
2005-11-11,,218.0,221.6
2005-11-12,,215.2,218.1
2005-11-13,,212.3,214.7
2005-11-14,,209.3,211.3
2005-11-15,,206.4,208.0
2005-11-16,,203.5,204.9
2005-11-17,,200.6,201.9
2005-11-18,,197.8,199.1
2005-11-19,,195.0,196.5
2005-11-20,,192.3,193.9
2005-11-21,,189.6,191.3
2005-11-22,,187.1,189.2
2005-11-23,,184.6,188.4
2005-11-24,,182.3,189.8
2005-11-25,,180.1,193.0
2005-11-26,,178.2,196.2
2005-11-27,,176.9,197.8
2005-11-28,,176.3,197.9
2005-11-29,,176.6,197.0
2005-11-30,,177.5,195.5
2005-12-01,,178.5,193.9
2005-12-02,,179.3,192.7
2005-12-03,,179.5,192.8
2005-12-04,,179.2,196.0
2005-12-05,,178.6,202.5
2005-12-06,,177.9,210.0
2005-12-07,,177.9,215.9
2005-12-08,,179.1,220.0
2005-12-09,,182.0,223.2
2005-12-10,,186.4,227.4
2005-12-11,,191.6,234.4
2005-12-12,,197.1,246.7
2005-12-13,,202.5,265.2
2005-12-14,,208.6,285.0
2005-12-15,,216.7,298.4
2005-12-16,,228.8,304.3
2005-12-17,,246.1,306.9
2005-12-18,,266.4,309.4
2005-12-19,,284.2,312.2
2005-12-20,,296.4,315.9
2005-12-21,,303.7,322.3
2005-12-22,,308.0,332.7
2005-12-23,,311.5,341.2
2005-12-24,,316.3,342.3
2005-12-25,,323.9,340.3
2005-12-26,,333.9,339.6
2005-12-27,,342.3,340.5
2005-12-28,,346.7,342.5
2005-12-29,,348.4,345.6
2005-12-30,,349.4,351.3
2005-12-31,,350.9,358.3
2006-01-01,,354.2,361.4
2006-01-02,,360.5,361.0
2006-01-03,,369.3,361.7
2006-01-04,,378.1,366.3
2006-01-05,,385.0,374.1
2006-01-06,,390.6,382.8
2006-01-07,,396.2,393.2
2006-01-08,,402.6,406.8
2006-01-09,,410.7,417.2
2006-01-10,,422.0,418.5
2006-01-11,,435.8,414.1
2006-01-12,,446.9,408.1
2006-01-13,,450.5,402.1
2006-01-14,,447.4,396.2
2006-01-15,,440.7,390.6
2006-01-16,,433.0,385.2
2006-01-17,,425.4,379.8
2006-01-18,,418.3,374.4
2006-01-19,,411.6,369.1
2006-01-20,,405.3,363.9
2006-01-21,,399.2,358.8
2006-01-22,,393.2,353.8
2006-01-23,,387.5,348.8
2006-01-24,,381.8,343.9
2006-01-25,,376.2,339.1
2006-01-26,,370.8,334.4
2006-01-27,,365.4,329.8
2006-01-28,,360.2,325.3
2006-01-29,,355.0,320.9
2006-01-30,,350.0,316.5
2006-01-31,,345.1,312.3
2006-02-01,,340.2,308.1
2006-02-02,,335.5,304.0
2006-02-03,,330.9,300.0
2006-02-04,,326.3,296.1
2006-02-05,,321.9,292.2
2006-02-06,,317.5,288.4
2006-02-07,,313.2,284.7
2006-02-08,,309.0,281.0
2006-02-09,,305.0,277.6
2006-02-10,,301.4,275.0
2006-02-11,,298.5,272.9
2006-02-12,,295.7,270.6
2006-02-13,,292.9,267.9
2006-02-14,,289.9,265.1
2006-02-15,,286.8,262.4
2006-02-16,,283.7,259.8
2006-02-17,,280.7,257.2
2006-02-18,,277.7,254.6
2006-02-19,,274.9,252.0
2006-02-20,,272.3,250.0
2006-02-21,,270.5,249.5
2006-02-22,,270.2,251.8
2006-02-23,,271.8,258.9
2006-02-24,,275.1,276.5
2006-02-25,,280.7,324.2
2006-02-26,,291.8,412.6
2006-02-27,,320.9,465.8
2006-02-28,,398.9,466.3
2006-03-01,,498.9,451.7
2006-03-02,,541.1,437.3
2006-03-03,,537.6,425.9
2006-03-04,,519.4,416.9
2006-03-05,,499.6,409.4
2006-03-06,,482.4,402.7
2006-03-07,,468.2,396.6
2006-03-08,,456.6,391.1
2006-03-09,,447.1,386.1
2006-03-10,,439.0,381.4
2006-03-11,,432.0,376.8
2006-03-12,,425.8,371.8
2006-03-13,,419.9,367.2
2006-03-14,,414.2,364.5
2006-03-15,,409.4,366.8
2006-03-16,,407.2,375.9
2006-03-17,,410.1,384.4
2006-03-18,,418.2,386.9
2006-03-19,,427.2,385.3
2006-03-20,,432.4,382.4
2006-03-21,,432.7,379.1
2006-03-22,,430.2,376.4
2006-03-23,,426.7,374.6
2006-03-24,,423.2,373.2
2006-03-25,,420.3,372.2
2006-03-26,,418.4,372.7
2006-03-27,,419.2,377.3
2006-03-28,,426.6,390.6
2006-03-29,,445.4,428.9
2006-03-30,,483.2,614.3
2006-03-31,,589.8,1677.0
2006-04-01,,1611.0,2572.0
2006-04-02,,3374.0,2756.0
2006-04-03,,3780.0,2949.0
2006-04-04,,3962.0,2943.0
2006-04-05,,3911.0,2828.0
2006-04-06,,3705.0,2655.0
2006-04-07,,3443.0,2433.0
2006-04-08,,3152.0,2354.0
2006-04-09,,2927.0,2175.0
2006-04-10,,2707.0,1932.0
2006-04-11,,2427.0,1728.0
2006-04-12,,2155.0,1618.0
2006-04-13,,1946.0,1610.0
2006-04-14,,1827.0,1687.0
2006-04-15,,1815.0,1771.0
2006-04-16,,1883.0,1841.0
2006-04-17,,1964.0,1838.0
2006-04-18,,2006.0,1756.0
2006-04-19,,1964.0,1635.0
2006-04-20,,1862.0,1551.0
2006-04-21,,1746.0,1507.0
2006-04-22,,1656.0,1462.0
2006-04-23,,1592.0,1386.0
2006-04-24,,1526.0,1319.0
2006-04-25,,1448.0,1241.0
2006-04-26,,1369.0,1158.0
2006-04-27,,1288.0,1084.0
2006-04-28,,1207.0,1022.0
2006-04-29,,1133.0,974.4
2006-04-30,,1070.0,938.4
2006-05-01,,1018.0,907.2
2006-05-02,,978.6,880.8
2006-05-03,,946.6,865.8
2006-05-04,,920.5,864.2
2006-05-05,,900.9,867.5
2006-05-06,,888.9,872.0
2006-05-07,,882.6,865.8
2006-05-08,,877.9,848.3
2006-05-09,,870.3,824.0
2006-05-10,,856.6,797.7
2006-05-11,,837.6,774.6
2006-05-12,,816.1,756.1
2006-05-13,,794.8,739.8
2006-05-14,,775.3,724.8
2006-05-15,,758.1,711.4
2006-05-16,,742.6,699.6
2006-05-17,,728.6,688.8
2006-05-18,,715.9,679.7
2006-05-19,,704.4,672.5
2006-05-20,,694.0,665.1
2006-05-21,,684.6,657.4
2006-05-22,,676.1,653.7
2006-05-23,,668.4,658.2
2006-05-24,,662.2,670.0
2006-05-25,,659.2,678.3
2006-05-26,,660.0,671.4
2006-05-27,,662.8,652.7
2006-05-28,,662.7,633.0
2006-05-29,,656.6,620.4
2006-05-30,,645.6,616.6
2006-05-31,,633.4,618.6
2006-06-01,,623.3,628.0
2006-06-02,,617.0,651.1
2006-06-03,,615.5,681.6
2006-06-04,,619.9,741.0
2006-06-05,,631.8,829.4
2006-06-06,,654.5,939.9
2006-06-07,,695.6,1174.0
2006-06-08,,778.8,1263.0
2006-06-09,,961.4,1171.0
2006-06-10,,1115.0,1055.0
2006-06-11,,1112.0,956.8
2006-06-12,,1043.0,878.5
2006-06-13,,965.1,818.1
2006-06-14,,894.6,778.6
2006-06-15,,836.1,754.5
2006-06-16,,791.3,729.7
2006-06-17,,758.6,699.3
2006-06-18,,732.7,669.1
2006-06-19,,708.1,644.2
2006-06-20,,683.3,625.6
2006-06-21,,659.6,612.4
2006-06-22,,638.8,603.7
2006-06-23,,621.6,597.8
2006-06-24,,608.1,592.2
2006-06-25,,597.7,585.4
2006-06-26,,589.6,578.6
2006-06-27,,582.8,575.3
2006-06-28,,576.7,576.4
2006-06-29,,571.5,575.5
2006-06-30,,567.7,567.5
2006-07-01,,564.6,556.0
2006-07-02,,560.1,546.7
2006-07-03,,553.7,540.3
2006-07-04,,546.0,539.0
2006-07-05,,538.5,557.7
2006-07-06,,532.9,594.2
2006-07-07,,532.0,607.9
2006-07-08,,538.8,594.2
2006-07-09,,550.5,569.8
2006-07-10,,557.9,545.9
2006-07-11,,555.5,526.9
2006-07-12,,545.1,513.2
2006-07-13,,531.4,503.1
2006-07-14,,517.8,495.1
2006-07-15,,505.9,488.3
2006-07-16,,496.1,482.2
2006-07-17,,488.0,476.6
2006-07-18,,481.1,471.5
2006-07-19,,475.1,467.3
2006-07-20,,469.6,464.6
2006-07-21,,464.5,463.0
2006-07-22,,459.8,461.5
2006-07-23,,455.6,458.5
2006-07-24,,451.6,453.3
2006-07-25,,447.7,446.7
2006-07-26,,443.7,440.1
2006-07-27,,439.5,434.0
2006-07-28,,434.8,428.7
2006-07-29,,430.0,423.8
2006-07-30,,425.2,419.2
2006-07-31,,420.4,414.7
2006-08-01,,415.9,410.5
2006-08-02,,411.6,406.3
2006-08-03,,407.3,402.4
2006-08-04,,403.2,398.8
2006-08-05,,399.4,395.9
2006-08-06,,396.0,393.8
2006-08-07,,394.5,396.1
2006-08-08,,396.5,402.4
2006-08-09,,398.4,406.5
2006-08-10,,399.4,409.7
2006-08-11,,400.6,412.3
2006-08-12,,402.6,416.5
2006-08-13,,406.7,423.1
2006-08-14,,411.1,428.5
2006-08-15,,414.5,432.4
2006-08-16,,417.3,435.2
2006-08-17,,420.1,436.8
2006-08-18,,422.8,438.4
2006-08-19,,425.4,439.8
2006-08-20,,427.7,439.2
2006-08-21,,428.8,435.9
2006-08-22,,428.6,430.8
2006-08-23,,427.1,424.0
2006-08-24,,424.3,417.1
2006-08-25,,420.8,411.4
2006-08-26,,417.0,407.1
2006-08-27,,413.2,403.6
2006-08-28,,409.3,400.2
2006-08-29,,405.4,397.0
2006-08-30,,401.3,394.0
2006-08-31,,398.6,394.5
2006-09-01,,398.8,398.1
2006-09-02,,399.6,400.7
2006-09-03,,400.7,403.5
2006-09-04,,402.3,407.4
2006-09-05,,404.5,412.6
2006-09-06,,406.7,419.2
2006-09-07,,408.0,424.9
2006-09-08,,408.4,426.8
2006-09-09,,408.6,425.1
2006-09-10,,409.4,421.6
2006-09-11,,410.3,416.8
2006-09-12,,410.4,410.4
2006-09-13,,408.9,402.8
2006-09-14,,405.8,395.0
2006-09-15,,401.2,387.8
2006-09-16,,395.4,380.7
2006-09-17,,388.6,372.8
2006-09-18,,381.4,364.3
2006-09-19,,374.3,356.0
2006-09-20,,367.5,348.6
2006-09-21,,360.8,342.4
2006-09-22,,354.3,337.3
2006-09-23,,348.1,333.0
2006-09-24,,342.1,329.2
2006-09-25,,336.7,326.1
2006-09-26,,331.8,323.9
2006-09-27,,327.4,322.0
2006-09-28,,323.5,319.7
2006-09-29,,320.2,316.7
2006-09-30,,317.3,313.1
2006-10-01,,314.7,309.2
2006-10-02,,312.2,305.3
2006-10-03,,309.5,301.7
2006-10-04,,306.7,298.7
2006-10-05,,304.0,296.6
2006-10-06,,301.3,294.6
2006-10-07,,298.6,292.2
2006-10-08,,295.7,289.7
2006-10-09,,293.0,287.0
2006-10-10,,290.4,284.2
2006-10-11,,287.9,281.5
2006-10-12,,285.2,278.9
2006-10-13,,282.5,276.3
2006-10-14,,279.7,273.7
2006-10-15,,276.9,271.0
2006-10-16,,274.1,268.3
2006-10-17,,271.5,265.6
2006-10-18,,268.9,263.0
2006-10-19,,266.4,260.5
2006-10-20,,263.9,258.1
2006-10-21,,261.5,255.9
2006-10-22,,259.1,253.8
2006-10-23,,256.8,251.8
2006-10-24,,254.5,249.8
2006-10-25,,252.2,247.7
2006-10-26,,250.0,245.5
2006-10-27,,247.8,243.1
2006-10-28,,245.6,240.7
2006-10-29,,243.4,238.3
2006-10-30,,241.3,236.0
2006-10-31,,239.2,233.8
2006-11-01,,237.0,231.7
2006-11-02,,235.0,230.1
2006-11-03,,233.1,229.2
2006-11-04,,231.4,229.2
2006-11-05,,230.1,230.2
2006-11-06,,229.5,233.4
2006-11-07,,230.4,239.7
2006-11-08,,232.8,247.1
2006-11-09,,236.1,253.9
2006-11-10,,239.8,260.3
2006-11-11,,244.0,267.5
2006-11-12,,248.8,278.3
2006-11-13,,254.5,295.3
2006-11-14,,261.8,316.0
2006-11-15,,271.4,336.5
2006-11-16,,284.0,357.2
2006-11-17,,300.6,376.1
2006-11-18,,320.9,395.0
2006-11-19,,344.2,416.4
2006-11-20,,369.5,431.4
2006-11-21,,397.1,435.3
2006-11-22,,425.8,433.4
2006-11-23,,447.7,430.0
2006-11-24,,456.9,426.8
2006-11-25,,456.8,423.8
2006-11-26,,452.7,421.4
2006-11-27,,447.8,419.1
2006-11-28,,443.4,416.2
2006-11-29,,439.8,412.8
2006-11-30,,436.8,408.9
2006-12-01,,433.8,404.6
2006-12-02,,430.3,400.1
2006-12-03,,426.4,395.4
2006-12-04,,421.9,390.7
2006-12-05,,417.2,386.3
2006-12-06,,412.3,382.4
2006-12-07,,407.4,379.1
2006-12-08,,402.7,375.8
2006-12-09,,398.2,372.2
2006-12-10,,394.1,368.5
2006-12-11,,390.4,365.2
2006-12-12,,387.1,362.4
2006-12-13,,384.4,361.1
2006-12-14,,383.1,362.6
2006-12-15,,383.1,366.2
2006-12-16,,384.0,372.7
2006-12-17,,385.8,381.8
2006-12-18,,388.7,391.6
2006-12-19,,393.2,399.2
2006-12-20,,399.8,402.1
2006-12-21,,409.1,402.7
2006-12-22,,419.7,403.7
2006-12-23,,428.0,404.7
2006-12-24,,432.6,405.9
2006-12-25,,434.6,407.5
2006-12-26,,435.6,410.4
2006-12-27,,436.6,414.1
2006-12-28,,438.4,416.4
2006-12-29,,441.4,416.4
2006-12-30,,445.0,415.7
2006-12-31,,448.0,415.1
2007-01-01,,449.6,414.3
2007-01-02,,450.5,413.0
2007-01-03,,451.2,411.6
2007-01-04,,451.7,411.1
2007-01-05,,452.3,412.5
2007-01-06,,453.8,417.9
2007-01-07,,456.3,431.1
2007-01-08,,461.1,448.8
2007-01-09,,470.3,463.8
2007-01-10,,485.7,478.9
2007-01-11,,506.3,499.2
2007-01-12,,528.9,525.2
2007-01-13,,554.2,544.9
2007-01-14,,586.2,547.8
2007-01-15,,619.8,547.8
2007-01-16,,639.4,556.8
2007-01-17,,645.3,579.3
2007-01-18,,649.8,595.1
2007-01-19,,666.2,596.4
2007-01-20,,692.2,594.4
2007-01-21,,711.8,595.4
2007-01-22,,721.2,602.0
2007-01-23,,726.2,620.6
2007-01-24,,732.1,680.5
2007-01-25,,748.2,731.5
2007-01-26,,796.3,739.3
2007-01-27,,866.8,727.8
2007-01-28,,901.5,712.7
2007-01-29,,897.2,699.9
2007-01-30,,877.8,688.7
2007-01-31,,854.2,677.7
2007-02-01,,834.7,675.3
2007-02-02,,827.7,688.8
2007-02-03,,834.9,722.1
2007-02-04,,861.3,786.6
2007-02-05,,917.8,905.2
2007-02-06,,1031.0,995.8
2007-02-07,,1218.0,1055.0
2007-02-08,,1364.0,1087.0
2007-02-09,,1429.0,1081.0
2007-02-10,,1433.0,1059.0
2007-02-11,,1403.0,1033.0
2007-02-12,,1362.0,1039.0
2007-02-13,,1338.0,1106.0
2007-02-14,,1354.0,1148.0
2007-02-15,,1392.0,1113.0
2007-02-16,,1400.0,1092.0
2007-02-17,,1383.0,1172.0
2007-02-18,,1402.0,1267.0
2007-02-19,,1484.0,1307.0
2007-02-20,,1565.0,1270.0
2007-02-21,,1576.0,1187.0
2007-02-22,,1511.0,1109.0
2007-02-23,,1410.0,1051.0
2007-02-24,,1311.0,1012.0
2007-02-25,,1228.0,985.6
2007-02-26,,1162.0,974.5
2007-02-27,,1114.0,974.2
2007-02-28,,1083.0,959.8
2007-03-01,,1072.0,943.6
2007-03-02,,1080.0,954.5
2007-03-03,,1115.0,1026.0
2007-03-04,,1191.0,1186.0
2007-03-05,,1326.0,1360.0
2007-03-06,,1501.0,1453.0
2007-03-07,,1667.0,1499.0
2007-03-08,,1774.0,1487.0
2007-03-09,,1808.0,1410.0
2007-03-10,,1761.0,1335.0
2007-03-11,,1663.0,1287.0
2007-03-12,,1559.0,1297.0
2007-03-13,,1485.0,1348.0
2007-03-14,,1469.0,1338.0
2007-03-15,,1488.0,1270.0
2007-03-16,,1466.0,1193.0
2007-03-17,,1395.0,1126.0
2007-03-18,,1309.0,1070.0
2007-03-19,,1229.0,1026.0
2007-03-20,,1166.0,994.8
2007-03-21,,1125.0,995.0
2007-03-22,,1114.0,1046.0
2007-03-23,,1142.0,1176.0
2007-03-24,,1211.0,1380.0
2007-03-25,,1346.0,1491.0
2007-03-26,,1569.0,1511.0
2007-03-27,,1710.0,1516.0
2007-03-28,,1740.0,1427.0
2007-03-29,,1683.0,1297.0
2007-03-30,,1561.0,1176.0
2007-03-31,,1417.0,1075.0
2007-04-01,,1280.0,991.6
2007-04-02,,1160.0,921.9
2007-04-03,,1060.0,862.2
2007-04-04,,976.6,811.8
2007-04-05,,907.4,771.0
2007-04-06,,850.1,738.9
2007-04-07,,803.0,713.9
2007-04-08,,764.7,694.0
2007-04-09,,733.8,677.8
2007-04-10,,708.9,663.9
2007-04-11,,688.8,652.7
2007-04-12,,673.3,645.7
2007-04-13,,661.8,643.0
2007-04-14,,653.8,642.6
2007-04-15,,647.6,643.3
2007-04-16,,641.7,642.6
2007-04-17,,635.5,635.8
2007-04-18,,629.2,622.7
2007-04-19,,622.8,607.9
2007-04-20,,615.3,594.7
2007-04-21,,606.4,583.9
2007-04-22,,596.6,575.5
2007-04-23,,586.6,569.3
2007-04-24,,577.1,564.1
2007-04-25,,568.6,557.6
2007-04-26,,561.1,549.1
2007-04-27,,554.1,540.2
2007-04-28,,547.2,531.9
2007-04-29,,539.8,524.7
2007-04-30,,532.2,518.8
2007-05-01,,524.7,514.0
2007-05-02,,517.7,509.4
2007-05-03,,511.5,504.6
2007-05-04,,506.0,500.0
2007-05-05,,501.1,495.5
2007-05-06,,496.6,490.6
2007-05-07,,492.2,484.9
2007-05-08,,487.7,479.1
2007-05-09,,483.1,474.5
2007-05-10,,478.4,473.2
2007-05-11,,474.1,478.0
2007-05-12,,470.4,491.5
2007-05-13,,467.9,508.9
2007-05-14,,467.4,521.9
2007-05-15,,469.4,526.8
2007-05-16,,473.4,522.8
2007-05-17,,477.6,512.2
2007-05-18,,480.2,499.0
2007-05-19,,480.1,486.0
2007-05-20,,476.8,476.1
2007-05-21,,471.1,472.0
2007-05-22,,464.0,472.4
2007-05-23,,456.5,470.7
2007-05-24,,449.7,463.2
2007-05-25,,444.0,451.4
2007-05-26,,439.3,438.2
2007-05-27,,434.6,425.8
2007-05-28,,428.9,415.2
2007-05-29,,422.1,406.5
2007-05-30,,414.7,399.5
2007-05-31,,407.3,393.7
2007-06-01,,400.2,388.8
2007-06-02,,393.7,384.4
2007-06-03,,387.9,380.5
2007-06-04,,382.8,376.8
2007-06-05,,378.2,373.9
2007-06-06,,374.1,372.8
2007-06-07,,370.4,374.5
2007-06-08,,367.5,379.3
2007-06-09,,365.1,387.3
2007-06-10,,363.0,396.6
2007-06-11,,361.2,401.8
2007-06-12,,359.7,399.9
2007-06-13,,358.8,392.4
2007-06-14,,358.4,382.2
2007-06-15,,357.7,371.9
2007-06-16,,356.1,362.6
2007-06-17,,353.3,354.6
2007-06-18,,349.4,348.1
2007-06-19,,345.0,342.7
2007-06-20,,340.4,338.2
2007-06-21,,335.8,334.5
2007-06-22,,331.4,331.1
2007-06-23,,327.3,327.8
2007-06-24,,323.5,324.4
2007-06-25,,320.0,321.1
2007-06-26,,316.8,317.8
2007-06-27,,313.7,314.6
2007-06-28,,310.7,311.7
2007-06-29,,307.6,309.3
2007-06-30,,304.7,307.2
2007-07-01,,301.8,305.0
2007-07-02,,299.0,302.3
2007-07-03,,296.3,299.4
2007-07-04,,293.6,296.6
2007-07-05,,291.0,293.9
2007-07-06,,288.4,291.1
2007-07-07,,286.1,288.9
2007-07-08,,284.1,287.2
2007-07-09,,282.2,285.5
2007-07-10,,280.1,284.0
2007-07-11,,278.1,282.6
2007-07-12,,276.1,281.5
2007-07-13,,274.0,280.7
2007-07-14,,271.9,279.7
2007-07-15,,269.7,278.4
2007-07-16,,267.6,276.6
2007-07-17,,265.4,274.8
2007-07-18,,263.3,273.3
2007-07-19,,261.3,271.8
2007-07-20,,259.2,270.0
2007-07-21,,257.2,267.8
2007-07-22,,255.4,265.4
2007-07-23,,253.8,262.8
2007-07-24,,252.4,260.0
2007-07-25,,250.8,257.0
2007-07-26,,249.2,254.2
2007-07-27,,247.4,251.4
2007-07-28,,245.4,248.9
2007-07-29,,243.4,246.4
2007-07-30,,241.2,244.0
2007-07-31,,239.1,241.8
2007-08-01,,236.9,239.6
2007-08-02,,234.7,237.4
2007-08-03,,232.6,235.4
2007-08-04,,230.6,233.3
2007-08-05,,228.6,231.2
2007-08-06,,226.7,229.2
2007-08-07,,224.7,227.3
2007-08-08,,222.8,225.4
2007-08-09,,221.0,223.5
2007-08-10,,219.2,221.6
2007-08-11,,217.4,219.8
2007-08-12,,215.6,218.1
2007-08-13,,214.0,216.6
2007-08-14,,212.5,215.6
2007-08-15,,211.2,214.6
2007-08-16,,209.8,213.4
2007-08-17,,208.3,212.2
2007-08-18,,206.9,210.9
2007-08-19,,205.4,209.4
2007-08-20,,203.9,208.0
2007-08-21,,202.4,206.7
2007-08-22,,200.9,205.8
2007-08-23,,199.3,205.0
2007-08-24,,197.8,204.0
2007-08-25,,196.3,202.8
2007-08-26,,194.8,201.6
2007-08-27,,193.4,200.4
2007-08-28,,192.1,199.1
2007-08-29,,190.8,197.6
2007-08-30,,189.5,196.0
2007-08-31,,188.2,194.3
2007-09-01,,187.0,192.5
2007-09-02,,185.7,190.6
2007-09-03,,184.4,188.7
2007-09-04,,183.1,186.9
2007-09-05,,181.8,185.2
2007-09-06,,180.5,183.6
2007-09-07,,179.3,182.6
2007-09-08,,178.1,182.0
2007-09-09,,177.1,182.2
2007-09-10,,176.2,184.4
2007-09-11,,175.9,190.5
2007-09-12,,176.8,201.7
2007-09-13,,179.3,229.1
2007-09-14,,184.0,306.8
2007-09-15,,192.3,398.3
2007-09-16,,215.7,446.3
2007-09-17,,320.4,467.3
2007-09-18,,488.7,470.7
2007-09-19,,562.2,462.2
2007-09-20,,575.3,448.6
2007-09-21,,561.2,433.7
2007-09-22,,536.3,419.0
2007-09-23,,509.6,408.0
2007-09-24,,485.1,406.4
2007-09-25,,464.8,407.2
2007-09-26,,451.0,400.2
2007-09-27,,443.6,386.7
2007-09-28,,437.6,370.1
2007-09-29,,427.5,352.5
2007-09-30,,412.4,335.5
2007-10-01,,394.6,320.3
2007-10-02,,376.2,307.8
2007-10-03,,358.8,298.5
2007-10-04,,343.2,292.2
2007-10-05,,329.8,288.3
2007-10-06,,318.8,285.5
2007-10-07,,310.2,282.8
2007-10-08,,303.6,281.1
2007-10-09,,298.9,283.8
2007-10-10,,295.9,294.9
2007-10-11,,295.0,316.7
2007-10-12,,297.8,340.5
2007-10-13,,306.7,352.6
2007-10-14,,323.3,353.9
2007-10-15,,344.4,349.5
2007-10-16,,360.8,342.1
2007-10-17,,367.7,333.9
2007-10-18,,366.6,326.6
2007-10-19,,361.2,321.7
2007-10-20,,354.0,318.5
2007-10-21,,346.8,315.1
2007-10-22,,340.6,310.2
2007-10-23,,335.2,304.6
2007-10-24,,330.2,301.7
2007-10-25,,325.3,307.0
2007-10-26,,321.2,322.3
2007-10-27,,320.0,339.8
2007-10-28,,324.8,357.7
2007-10-29,,337.9,380.1
2007-10-30,,360.5,396.9
2007-10-31,,391.5,401.0
2007-11-01,,421.6,396.5
2007-11-02,,439.4,388.7
2007-11-03,,442.6,380.4
2007-11-04,,436.1,372.5
2007-11-05,,425.5,367.4
2007-11-06,,414.4,366.2
2007-11-07,,404.8,367.8
2007-11-08,,398.4,374.7
2007-11-09,,396.2,396.1
2007-11-10,,400.4,422.7
2007-11-11,,416.1,437.3
2007-11-12,,445.3,463.4
2007-11-13,,481.2,500.8
2007-11-14,,522.3,520.6
2007-11-15,,569.4,521.7
2007-11-16,,605.2,510.5
2007-11-17,,616.5,496.8
2007-11-18,,607.9,489.4
2007-11-19,,591.5,492.7
2007-11-20,,578.7,496.2
2007-11-21,,574.1,488.0
2007-11-22,,571.1,474.3
2007-11-23,,561.2,461.2
2007-11-24,,544.6,450.2
2007-11-25,,525.9,441.4
2007-11-26,,508.6,436.3
2007-11-27,,494.8,439.2
2007-11-28,,486.5,464.3
2007-11-29,,488.7,553.9
2007-11-30,,515.6,660.1
2007-12-01,,608.2,661.9
2007-12-02,,741.5,621.1
2007-12-03,,779.9,583.1
2007-12-04,,748.2,559.6
2007-12-05,,703.5,558.9
2007-12-06,,669.5,598.4
2007-12-07,,659.2,679.6
2007-12-08,,689.6,732.9
2007-12-09,,768.9,724.8
2007-12-10,,836.4,690.3
2007-12-11,,843.0,671.8
2007-12-12,,816.5,688.8
2007-12-13,,796.0,705.3
2007-12-14,,799.3,731.6
2007-12-15,,822.1,788.3
2007-12-16,,864.1,814.9
2007-12-17,,918.5,779.8
2007-12-18,,939.5,724.2
2007-12-19,,907.2,676.0
2007-12-20,,849.3,640.2
2007-12-21,,790.7,614.2
2007-12-22,,741.0,594.6
2007-12-23,,701.4,578.7
2007-12-24,,670.4,565.1
2007-12-25,,645.9,553.0
2007-12-26,,625.8,541.9
2007-12-27,,608.9,531.7
2007-12-28,,594.1,522.1
2007-12-29,,580.8,512.9
2007-12-30,,568.7,504.1
2007-12-31,,557.4,495.5
2008-01-01,,546.8,487.3
2008-01-02,,536.7,479.3
2008-01-03,,527.0,471.6
2008-01-04,,517.7,464.1
2008-01-05,,508.7,456.5
2008-01-06,,500.0,449.0
2008-01-07,,491.5,441.5
2008-01-08,,483.0,434.3
2008-01-09,,474.8,427.9
2008-01-10,,467.1,423.2
2008-01-11,,460.5,422.0
2008-01-12,,455.8,428.3
2008-01-13,,454.1,443.9
2008-01-14,,456.9,461.6
2008-01-15,,465.7,475.2
2008-01-16,,481.1,494.0
2008-01-17,,501.2,530.2
2008-01-18,,526.0,559.1
2008-01-19,,558.4,564.1
2008-01-20,,593.4,568.4
2008-01-21,,619.8,594.3
2008-01-22,,642.2,659.9
2008-01-23,,683.9,846.8
2008-01-24,,792.5,1101.0
2008-01-25,,1067.0,1118.0
2008-01-26,,1323.0,1062.0
2008-01-27,,1353.0,978.5
2008-01-28,,1283.0,902.8
2008-01-29,,1191.0,861.4
2008-01-30,,1112.0,883.6
2008-01-31,,1070.0,1002.0
2008-02-01,,1096.0,1015.0
2008-02-02,,1159.0,940.5
2008-02-03,,1162.0,874.5
2008-02-04,,1104.0,835.1
2008-02-05,,1037.0,821.2
2008-02-06,,986.3,837.5
2008-02-07,,963.3,848.6
2008-02-08,,962.9,837.8
2008-02-09,,963.6,827.4
2008-02-10,,955.8,838.3
2008-02-11,,946.7,894.3
2008-02-12,,951.9,935.1
2008-02-13,,984.0,903.8
2008-02-14,,1018.0,849.6
2008-02-15,,1009.0,802.2
2008-02-16,,965.8,765.7
2008-02-17,,914.8,738.2
2008-02-18,,868.6,717.2
2008-02-19,,830.5,700.7
2008-02-20,,800.0,686.1
2008-02-21,,775.4,672.1
2008-02-22,,755.1,659.8
2008-02-23,,738.2,652.3
2008-02-24,,724.9,651.8
2008-02-25,,715.5,656.8
2008-02-26,,711.3,668.0
2008-02-27,,713.2,700.8
2008-02-28,,722.4,769.2
2008-02-29,,743.4,820.1
2008-03-01,,783.5,829.4
2008-03-02,,841.8,834.2
2008-03-03,,893.3,847.5
2008-03-04,,928.2,896.6
2008-03-05,,971.2,1508.0
2008-03-06,,1166.0,1726.0
2008-03-07,,1822.0,1561.0
2008-03-08,,1940.0,1343.0
2008-03-09,,1752.0,1165.0
2008-03-10,,1535.0,1033.0
2008-03-11,,1349.0,937.8
2008-03-12,,1199.0,868.8
2008-03-13,,1082.0,818.1
2008-03-14,,992.7,781.1
2008-03-15,,925.6,756.2
2008-03-16,,877.2,746.3
2008-03-17,,845.3,753.0
2008-03-18,,829.2,770.0
2008-03-19,,829.5,787.6
2008-03-20,,843.2,799.6
2008-03-21,,861.5,810.4
2008-03-22,,875.5,827.4
2008-03-23,,883.2,824.1
2008-03-24,,887.1,799.8
2008-03-25,,884.2,770.9
2008-03-26,,869.3,746.9
2008-03-27,,847.7,740.5
2008-03-28,,831.0,765.5
2008-03-29,,826.9,813.9
2008-03-30,,838.6,823.4
2008-03-31,,858.1,796.8
2008-04-01,,866.2,762.7
2008-04-02,,854.1,734.0
2008-04-03,,828.0,714.5
2008-04-04,,797.6,701.3
2008-04-05,,769.0,689.0
2008-04-06,,744.6,677.2
2008-04-07,,724.0,676.4
2008-04-08,,707.8,689.8
2008-04-09,,699.0,705.2
2008-04-10,,702.1,715.7
2008-04-11,,717.2,717.9
2008-04-12,,733.8,716.6
2008-04-13,,742.3,702.6
2008-04-14,,741.1,672.7
2008-04-15,,730.8,639.3
2008-04-16,,711.2,609.5
2008-04-17,,683.0,585.0
2008-04-18,,651.1,564.4
2008-04-19,,620.8,545.4
2008-04-20,,595.9,531.3
2008-04-21,,577.8,530.9
2008-04-22,,566.0,549.7
2008-04-23,,560.3,588.1
2008-04-24,,562.8,654.5
2008-04-25,,577.9,708.2
2008-04-26,,614.1,717.9
2008-04-27,,672.6,722.7
2008-04-28,,724.3,716.3
2008-04-29,,743.0,683.4
2008-04-30,,733.9,634.1
2008-05-01,,706.3,580.8
2008-05-02,,666.9,530.9
2008-05-03,,621.9,488.2
2008-05-04,,576.9,454.5
2008-05-05,,535.6,430.3
2008-05-06,,500.2,416.5
2008-05-07,,472.5,414.9
2008-05-08,,453.8,425.3
2008-05-09,,443.9,447.6
2008-05-10,,440.1,477.2
2008-05-11,,440.3,494.6
2008-05-12,,445.2,491.5
2008-05-13,,453.7,474.6
2008-05-14,,460.4,451.7
2008-05-15,,460.2,427.7
2008-05-16,,452.1,404.9
2008-05-17,,438.3,384.7
2008-05-18,,421.6,367.7
2008-05-19,,404.1,354.2
2008-05-20,,387.5,344.4
2008-05-21,,373.0,339.5
2008-05-22,,361.7,342.8
2008-05-23,,355.0,358.9
2008-05-24,,352.6,389.2
2008-05-25,,355.3,444.1
2008-05-26,,363.9,523.8
2008-05-27,,379.9,574.5
2008-05-28,,404.9,584.2
2008-05-29,,439.0,571.9
2008-05-30,,475.4,548.1
2008-05-31,,501.0,517.1
2008-06-01,,508.5,481.8
2008-06-02,,500.2,446.6
2008-06-03,,481.8,415.6
2008-06-04,,458.5,390.5
2008-06-05,,434.0,371.6
2008-06-06,,410.8,357.7
2008-06-07,,390.0,347.5
2008-06-08,,372.4,339.8
2008-06-09,,357.8,333.6
2008-06-10,,346.0,328.5
2008-06-11,,336.5,323.9
2008-06-12,,328.8,320.0
2008-06-13,,322.4,316.7
2008-06-14,,317.1,314.3
2008-06-15,,312.5,312.4
2008-06-16,,308.5,310.5
2008-06-17,,305.1,308.8
2008-06-18,,302.0,307.8
2008-06-19,,299.3,308.5
2008-06-20,,296.9,310.4
2008-06-21,,294.8,311.5
2008-06-22,,293.0,310.7
2008-06-23,,291.3,308.8
2008-06-24,,289.8,306.7
2008-06-25,,288.4,303.9
2008-06-26,,286.9,299.6
2008-06-27,,285.2,294.0
2008-06-28,,283.3,287.9
2008-06-29,,281.1,282.3
2008-06-30,,278.6,277.3
2008-07-01,,275.6,273.3
2008-07-02,,272.4,270.0
2008-07-03,,269.0,267.4
2008-07-04,,265.6,265.0
2008-07-05,,262.2,262.6
2008-07-06,,259.1,260.0
2008-07-07,,256.1,257.2
2008-07-08,,253.3,254.6
2008-07-09,,250.7,252.3
2008-07-10,,248.3,250.6
2008-07-11,,246.0,249.8
2008-07-12,,243.7,249.7
2008-07-13,,241.6,250.1
2008-07-14,,239.4,250.2
2008-07-15,,237.3,249.8
2008-07-16,,235.1,248.9
2008-07-17,,233.1,247.3
2008-07-18,,231.2,244.5
2008-07-19,,229.4,240.7
2008-07-20,,227.7,236.6
2008-07-21,,226.0,233.2
2008-07-22,,224.4,231.3
2008-07-23,,222.7,231.5
2008-07-24,,220.9,234.8
2008-07-25,,219.1,242.8
2008-07-26,,217.7,254.1
2008-07-27,,217.4,269.0
2008-07-28,,218.3,292.9
2008-07-29,,221.0,334.5
2008-07-30,,226.3,396.8
2008-07-31,,236.2,454.0
2008-08-01,,256.9,470.1
2008-08-02,,308.2,455.7
2008-08-03,,391.9,428.9
2008-08-04,,440.8,400.4
2008-08-05,,442.5,375.5
2008-08-06,,423.9,356.2
2008-08-07,,400.2,342.3
2008-08-08,,377.1,332.6
2008-08-09,,356.8,325.8
2008-08-10,,340.0,320.4
2008-08-11,,326.6,315.5
2008-08-12,,316.0,310.8
2008-08-13,,307.6,307.4
2008-08-14,,300.9,311.0
2008-08-15,,295.5,329.5
2008-08-16,,292.3,353.6
2008-08-17,,293.8,365.0
2008-08-18,,301.9,361.3
2008-08-19,,314.1,350.4
2008-08-20,,324.6,339.3
2008-08-21,,328.6,332.1
2008-08-22,,326.3,330.2
2008-08-23,,320.7,332.1
2008-08-24,,314.4,332.4
2008-08-25,,309.1,328.1
2008-08-26,,305.5,320.8
2008-08-27,,303.0,312.7
2008-08-28,,300.5,306.0
2008-08-29,,297.4,302.8
2008-08-30,,293.4,304.2
2008-08-31,,289.0,307.7
2008-09-01,,285.2,308.5
2008-09-02,,282.7,305.1
2008-09-03,,281.5,298.9
2008-09-04,,280.6,292.3
2008-09-05,,279.1,286.2
2008-09-06,,276.3,280.8
2008-09-07,,272.6,275.7
2008-09-08,,268.2,271.0
2008-09-09,,263.6,266.7
2008-09-10,,259.2,262.8
2008-09-11,,254.9,259.5
2008-09-12,,251.0,256.8
2008-09-13,,247.4,254.6
2008-09-14,,244.0,253.9
2008-09-15,,241.0,255.0
2008-09-16,,238.4,256.9
2008-09-17,,236.2,258.6
2008-09-18,,234.7,260.3
2008-09-19,,233.7,261.9
2008-09-20,,233.3,264.5
2008-09-21,,233.4,272.4
2008-09-22,,234.2,290.5
2008-09-23,,236.3,318.8
2008-09-24,,240.9,358.5
2008-09-25,,250.8,414.0
2008-09-26,,270.2,461.5
2008-09-27,,309.7,482.4
2008-09-28,,376.7,489.3
2008-09-29,,440.0,493.8
2008-09-30,,473.0,495.8
2008-10-01,,486.3,491.8
2008-10-02,,491.0,482.1
2008-10-03,,489.9,468.7
2008-10-04,,483.4,453.6
2008-10-05,,472.8,439.2
2008-10-06,,460.1,428.4
2008-10-07,,447.3,423.6
2008-10-08,,435.9,438.0
2008-10-09,,428.0,492.6
2008-10-10,,432.2,536.2
2008-10-11,,465.2,537.8
2008-10-12,,518.3,522.8
2008-10-13,,549.3,506.2
2008-10-14,,549.2,490.5
2008-10-15,,533.4,475.2
2008-10-16,,513.2,459.9
2008-10-17,,493.3,444.4
2008-10-18,,474.8,429.5
2008-10-19,,457.8,416.3
2008-10-20,,442.1,406.8
2008-10-21,,427.9,404.8
2008-10-22,,415.9,411.7
2008-10-23,,407.7,422.2
2008-10-24,,404.5,428.4
2008-10-25,,406.2,427.0
2008-10-26,,410.3,420.4
2008-10-27,,413.7,412.1
2008-10-28,,413.9,405.6
2008-10-29,,410.7,403.2
2008-10-30,,405.5,402.9
2008-10-31,,400.5,401.0
2008-11-01,,396.7,396.3
2008-11-02,,393.8,389.3
2008-11-03,,390.6,381.6
2008-11-04,,386.3,374.3
2008-11-05,,380.8,367.8
2008-11-06,,374.5,362.9
2008-11-07,,368.1,359.7
2008-11-08,,362.1,357.0
2008-11-09,,356.8,353.3
2008-11-10,,352.2,348.1
2008-11-11,,348.0,341.8
2008-11-12,,343.7,335.0
2008-11-13,,339.0,328.7
2008-11-14,,333.7,323.1
2008-11-15,,327.9,318.4
2008-11-16,,322.1,314.5
2008-11-17,,316.7,310.9
2008-11-18,,312.0,307.5
2008-11-19,,307.8,304.0
2008-11-20,,304.3,301.3
2008-11-21,,301.9,301.8
2008-11-22,,301.2,307.6
2008-11-23,,302.2,320.7
2008-11-24,,305.5,342.4
2008-11-25,,312.7,378.2
2008-11-26,,325.7,438.2
2008-11-27,,347.9,485.5
2008-11-28,,388.9,495.1
2008-11-29,,451.6,489.9
2008-11-30,,504.2,484.0
2008-12-01,,524.5,480.4
2008-12-02,,525.2,478.7
2008-12-03,,520.0,478.5
2008-12-04,,514.9,481.2
2008-12-05,,512.7,490.0
2008-12-06,,515.1,507.8
2008-12-07,,524.0,535.0
2008-12-08,,542.0,564.7
2008-12-09,,571.7,589.3
2008-12-10,,610.3,611.9
2008-12-11,,647.9,633.7
2008-12-12,,679.3,649.5
2008-12-13,,707.0,647.5
2008-12-14,,728.0,628.3
2008-12-15,,731.3,606.0
2008-12-16,,715.7,588.8
2008-12-17,,690.7,576.3
2008-12-18,,665.0,565.6
2008-12-19,,642.8,555.9
2008-12-20,,625.5,549.4
2008-12-21,,613.6,551.0
2008-12-22,,608.0,586.8
2008-12-23,,613.1,764.5
2008-12-24,,663.4,923.1
2008-12-25,,863.9,973.8
2008-12-26,,1098.0,993.5
2008-12-27,,1191.0,965.9
2008-12-28,,1196.0,896.3
2008-12-29,,1142.0,822.8
2008-12-30,,1058.0,765.9
2008-12-31,,972.4,726.1
2009-01-01,,897.8,698.1
2009-01-02,,838.3,677.3
2009-01-03,,792.6,660.7
2009-01-04,,757.8,646.5
2009-01-05,,730.8,633.8
2009-01-06,,709.2,622.1
2009-01-07,,691.2,611.0
2009-01-08,,675.4,600.2
2009-01-09,,661.3,589.7
2009-01-10,,648.1,579.4
2009-01-11,,635.6,569.6
2009-01-12,,623.6,560.0
2009-01-13,,612.1,550.9
2009-01-14,,601.1,542.0
2009-01-15,,590.4,533.2
2009-01-16,,580.1,524.6
2009-01-17,,570.1,516.2
2009-01-18,,560.3,508.0
2009-01-19,,550.8,500.0
2009-01-20,,541.4,492.0
2009-01-21,,532.3,484.3
2009-01-22,,523.8,477.7
2009-01-23,,517.0,474.1
2009-01-24,,512.1,476.0
2009-01-25,,510.5,489.8
2009-01-26,,515.3,549.6
2009-01-27,,531.9,716.9
2009-01-28,,577.6,854.4
2009-01-29,,707.3,869.0
2009-01-30,,899.3,819.3
2009-01-31,,972.0,772.4
2009-02-01,,949.6,756.5
2009-02-02,,909.1,741.4
2009-02-03,,875.7,712.3
2009-02-04,,843.2,681.3
2009-02-05,,806.6,655.2
2009-02-06,,769.1,634.7
2009-02-07,,735.3,619.4
2009-02-08,,707.6,615.1
2009-02-09,,688.4,641.2
2009-02-10,,682.2,704.2
2009-02-11,,698.1,814.5
2009-02-12,,751.0,966.4
2009-02-13,,873.7,970.0
2009-02-14,,1038.0,909.1
2009-02-15,,1093.0,861.3
2009-02-16,,1063.0,820.9
2009-02-17,,1010.0,779.3
2009-02-18,,955.4,742.0
2009-02-19,,902.6,711.4
2009-02-20,,854.3,686.3
2009-02-21,,811.4,665.2
2009-02-22,,774.2,647.0
2009-02-23,,742.4,630.8
2009-02-24,,715.3,616.0
2009-02-25,,691.9,602.2
2009-02-26,,671.7,589.7
2009-02-27,,654.6,579.2
2009-02-28,,641.0,572.3
2009-03-01,,631.5,571.9
2009-03-02,,627.2,583.7
2009-03-03,,630.5,630.4
2009-03-04,,648.2,712.4
2009-03-05,,692.9,748.6
2009-03-06,,760.5,745.0
2009-03-07,,813.6,771.8
2009-03-08,,846.5,918.9
2009-03-09,,916.0,1233.0
2009-03-10,,1133.0,1564.0
2009-03-11,,1570.0,1752.0
2009-03-12,,2011.0,1819.0
2009-03-13,,2184.0,1718.0
2009-03-14,,2149.0,1641.0
2009-03-15,,2044.0,1548.0
2009-03-16,,1921.0,1386.0
2009-03-17,,1760.0,1232.0
2009-03-18,,1586.0,1130.0
2009-03-19,,1444.0,1147.0
2009-03-20,,1372.0,1359.0
2009-03-21,,1430.0,1520.0
2009-03-22,,1623.0,1492.0
2009-03-23,,1734.0,1361.0
2009-03-24,,1674.0,1233.0
2009-03-25,,1554.0,1159.0
2009-03-26,,1461.0,1252.0
2009-03-27,,1445.0,1711.0
2009-03-28,,1598.0,1703.0
2009-03-29,,1858.0,1495.0
2009-03-30,,1829.0,1338.0
2009-03-31,,1683.0,1333.0
2009-04-01,,1600.0,1867.0
2009-04-02,,1724.0,2415.0
2009-04-03,,2370.0,2204.0
2009-04-04,,2550.0,1899.0
2009-04-05,,2294.0,1663.0
2009-04-06,,2009.0,1503.0
2009-04-07,,1776.0,1410.0
2009-04-08,,1605.0,1346.0
2009-04-09,,1490.0,1273.0
2009-04-10,,1405.0,1195.0
2009-04-11,,1323.0,1123.0
2009-04-12,,1241.0,1059.0
2009-04-13,,1164.0,1007.0
2009-04-14,,1096.0,970.8
2009-04-15,,1039.0,993.8
2009-04-16,,1001.0,1128.0
2009-04-17,,1011.0,1112.0
2009-04-18,,1081.0,1023.0
2009-04-19,,1097.0,936.5
2009-04-20,,1041.0,864.3
2009-04-21,,965.5,807.3
2009-04-22,,894.5,763.9
2009-04-23,,833.9,730.2
2009-04-24,,784.1,702.5
2009-04-25,,743.8,679.3
2009-04-26,,711.3,660.1
2009-04-27,,684.5,644.9
2009-04-28,,662.1,634.2
2009-04-29,,643.5,626.2
2009-04-30,,628.4,616.7
2009-05-01,,616.2,605.8
2009-05-02,,605.9,595.1
2009-05-03,,596.2,585.4
2009-05-04,,586.4,576.9
2009-05-05,,576.6,569.1
2009-05-06,,567.3,562.0
2009-05-07,,558.7,555.3
2009-05-08,,550.8,548.8
2009-05-09,,543.6,542.7
2009-05-10,,536.8,536.9
2009-05-11,,530.4,531.8
2009-05-12,,524.3,527.3
2009-05-13,,518.5,522.2
2009-05-14,,512.9,516.1
2009-05-15,,507.7,510.3
2009-05-16,,502.4,507.4
2009-05-17,,497.3,508.2
2009-05-18,,492.3,508.2
2009-05-19,,488.1,503.5
2009-05-20,,484.8,495.9
2009-05-21,,481.8,489.4
2009-05-22,,478.3,485.2
2009-05-23,,474.0,481.0
2009-05-24,,469.1,476.5
2009-05-25,,463.9,473.3
2009-05-26,,458.8,470.8
2009-05-27,,454.1,468.8
2009-05-28,,449.7,468.0
2009-05-29,,445.9,465.8
2009-05-30,,442.4,459.1
2009-05-31,,439.2,449.1
2009-06-01,,435.7,439.4
2009-06-02,,431.7,433.5
2009-06-03,,426.8,434.9
2009-06-04,,421.6,447.6
2009-06-05,,417.0,469.0
2009-06-06,,414.2,490.2
2009-06-07,,414.1,502.6
2009-06-08,,417.3,503.7
2009-06-09,,423.1,497.6
2009-06-10,,429.7,488.6
2009-06-11,,434.5,478.8
2009-06-12,,435.9,468.2
2009-06-13,,433.8,456.2
2009-06-14,,429.4,442.8
2009-06-15,,423.3,429.9
2009-06-16,,416.2,420.5
2009-06-17,,408.7,417.0
2009-06-18,,401.4,418.9
2009-06-19,,394.7,421.4
2009-06-20,,389.3,419.8
2009-06-21,,385.6,413.6
2009-06-22,,383.3,405.3
2009-06-23,,381.3,397.9
2009-06-24,,378.8,395.2
2009-06-25,,376.1,402.4
2009-06-26,,374.3,426.8
2009-06-27,,375.1,470.5
2009-06-28,,380.0,523.9
2009-06-29,,390.5,569.4
2009-06-30,,409.0,598.3
2009-07-01,,437.5,615.3
2009-07-02,,472.9,624.5
2009-07-03,,508.0,627.0
2009-07-04,,535.7,619.5
2009-07-05,,552.1,598.4
2009-07-06,,557.6,569.0
2009-07-07,,553.2,538.6
2009-07-08,,540.1,513.1
2009-07-09,,520.9,494.1
2009-07-10,,499.5,479.3
2009-07-11,,479.0,466.8
2009-07-12,,460.8,457.3
2009-07-13,,445.5,451.7
2009-07-14,,432.7,448.7
2009-07-15,,422.1,445.6
2009-07-16,,413.6,440.6
2009-07-17,,406.8,433.9
2009-07-18,,401.2,426.5
2009-07-19,,396.2,419.4
2009-07-20,,391.4,413.0
2009-07-21,,386.4,407.8
2009-07-22,,381.3,404.4
2009-07-23,,376.3,402.5
2009-07-24,,371.7,402.9
2009-07-25,,367.6,406.7
2009-07-26,,364.4,410.4
2009-07-27,,362.2,408.4
2009-07-28,,361.1,400.9
2009-07-29,,360.5,392.4
2009-07-30,,359.6,388.6
2009-07-31,,357.4,393.6
2009-08-01,,354.1,403.4
2009-08-02,,350.8,407.8
2009-08-03,,348.8,403.0
2009-08-04,,348.3,392.3
2009-08-05,,348.5,379.7
2009-08-06,,347.8,368.3
2009-08-07,,345.0,359.1
2009-08-08,,340.2,352.2
2009-08-09,,334.2,347.0
2009-08-10,,328.0,343.1
2009-08-11,,322.0,341.0
2009-08-12,,316.6,340.9
2009-08-13,,312.0,341.4
2009-08-14,,308.2,340.1
2009-08-15,,305.2,336.3
2009-08-16,,302.7,331.5
2009-08-17,,300.4,327.8
2009-08-18,,298.1,326.3
2009-08-19,,295.5,326.3
2009-08-20,,292.9,325.9
2009-08-21,,290.3,323.4
2009-08-22,,288.0,318.5
2009-08-23,,285.8,312.3
2009-08-24,,283.6,306.0
2009-08-25,,281.2,300.6
2009-08-26,,278.4,296.0
2009-08-27,,275.4,292.4
2009-08-28,,272.2,290.3
2009-08-29,,269.0,290.8
2009-08-30,,266.0,293.9
2009-08-31,,263.4,296.2
2009-09-01,,261.3,295.4
2009-09-02,,260.0,292.0
2009-09-03,,259.2,287.7
2009-09-04,,258.5,284.8
2009-09-05,,257.5,284.1
2009-09-06,,256.0,284.3
2009-09-07,,254.2,282.9
2009-09-08,,252.5,279.5
2009-09-09,,251.0,275.0
2009-09-10,,249.7,271.5
2009-09-11,,248.0,270.1
2009-09-12,,246.1,270.4
2009-09-13,,243.9,270.6
2009-09-14,,241.7,269.5
2009-09-15,,239.9,266.6
2009-09-16,,238.3,262.5
2009-09-17,,236.9,257.6
2009-09-18,,235.4,252.8
2009-09-19,,233.5,248.6
2009-09-20,,231.1,245.2
2009-09-21,,228.4,242.7
2009-09-22,,225.6,240.6
2009-09-23,,222.8,238.4
2009-09-24,,220.2,236.4
2009-09-25,,217.8,234.5
2009-09-26,,215.6,232.5
2009-09-27,,213.6,230.3
2009-09-28,,211.8,227.8
2009-09-29,,210.0,225.2
2009-09-30,,208.2,222.7
2009-10-01,,206.5,220.4
2009-10-02,,204.7,218.3
2009-10-03,,202.9,216.4
2009-10-04,,201.1,214.6
2009-10-05,,199.3,212.8
2009-10-06,,197.5,211.1
2009-10-07,,195.8,209.6
2009-10-08,,194.0,208.3
2009-10-09,,192.3,206.9
2009-10-10,,190.7,205.3
2009-10-11,,189.2,203.7
2009-10-12,,187.7,202.3
2009-10-13,,186.4,201.3
2009-10-14,,185.3,201.2
2009-10-15,,184.5,202.3
2009-10-16,,184.5,205.6
2009-10-17,,185.0,210.7
2009-10-18,,186.1,218.8
2009-10-19,,187.5,232.2
2009-10-20,,189.3,254.3
2009-10-21,,191.9,283.4
2009-10-22,,196.4,310.1
2009-10-23,,204.4,329.6
2009-10-24,,218.1,344.4
2009-10-25,,239.5,358.3
2009-10-26,,267.3,372.4
2009-10-27,,296.3,386.0
2009-10-28,,322.1,398.5
2009-10-29,,343.3,409.6
2009-10-30,,360.9,419.0
2009-10-31,,376.4,426.7
2009-11-01,,390.7,433.5
2009-11-02,,403.9,438.9
2009-11-03,,416.1,442.5
2009-11-04,,427.0,443.7
2009-11-05,,435.8,442.3
2009-11-06,,442.0,438.9
2009-11-07,,445.5,435.0
2009-11-08,,446.0,431.3
2009-11-09,,444.2,428.8
2009-11-10,,441.2,428.5
2009-11-11,,438.2,430.6
2009-11-12,,437.1,437.7
2009-11-13,,440.7,455.4
2009-11-14,,449.8,488.0
2009-11-15,,465.7,553.9
2009-11-16,,496.4,677.5
2009-11-17,,582.9,725.6
2009-11-18,,762.2,708.4
2009-11-19,,859.6,696.5
2009-11-20,,857.0,694.4
2009-11-21,,832.3,686.9
2009-11-22,,808.3,675.5
2009-11-23,,784.9,665.7
2009-11-24,,761.7,656.0
2009-11-25,,741.3,646.4
2009-11-26,,724.9,638.3
2009-11-27,,711.3,632.1
2009-11-28,,699.4,628.4
2009-11-29,,689.3,627.8
2009-11-30,,681.5,628.3
2009-12-01,,676.4,625.8
2009-12-02,,673.8,619.8
2009-12-03,,671.7,612.5
2009-12-04,,667.6,605.1
2009-12-05,,660.8,597.6
2009-12-06,,652.2,590.5
2009-12-07,,643.4,585.1
2009-12-08,,636.7,582.7
2009-12-09,,632.5,581.8
2009-12-10,,629.5,579.9
2009-12-11,,627.2,578.3
2009-12-12,,624.8,579.1
2009-12-13,,622.2,589.5
2009-12-14,,620.8,608.6
2009-12-15,,624.3,615.0
2009-12-16,,636.2,607.8
2009-12-17,,651.1,596.9
2009-12-18,,656.9,585.9
2009-12-19,,651.3,575.2
2009-12-20,,639.5,564.8
2009-12-21,,626.1,554.8
2009-12-22,,612.9,545.1
2009-12-23,,600.3,535.9
2009-12-24,,590.3,530.5
2009-12-25,,584.4,530.5
2009-12-26,,582.7,537.2
2009-12-27,,587.4,553.9
2009-12-28,,598.4,580.7
2009-12-29,,618.2,634.6
2009-12-30,,654.7,722.3
2009-12-31,,725.3,766.5
2010-01-01,,829.8,762.4
